"Date","Price","Open","High","Low","Vol.","Change %"
"12/31/2021","23.352","23.095","23.390","23.070","30.39K","1.27%"
"12/30/2021","23.060","22.870","23.155","22.630","30.54K","0.88%"
"12/29/2021","22.858","23.050","23.185","22.600","40.03K","-1.14%"
"12/28/2021","23.121","23.105","23.480","23.005","42.75K","0.57%"
"12/27/2021","22.989","22.900","23.150","22.655","39.29K","0.21%"
"12/23/2021","22.940","22.815","22.965","22.680","33.91K","0.53%"
"12/22/2021","22.819","22.525","22.860","22.440","35.70K","1.29%"
"12/21/2021","22.529","22.290","22.805","22.185","45.67K","1.07%"
"12/20/2021","22.291","22.390","22.435","22.190","35.06K","-1.07%"
"12/17/2021","22.533","22.530","22.690","22.355","39.31K","0.21%"
"12/16/2021","22.485","22.070","22.560","21.930","56.37K","4.36%"
"12/15/2021","21.545","21.945","22.130","21.410","65.04K","-1.73%"
"12/14/2021","21.924","22.350","22.355","21.670","52.45K","-1.81%"
"12/13/2021","22.328","22.195","22.430","22.160","31.88K","0.60%"
"12/10/2021","22.195","21.975","22.240","21.815","43.90K","0.83%"
"12/09/2021","22.013","22.435","22.475","21.840","58.89K","-1.87%"
"12/08/2021","22.432","22.525","22.580","22.305","28.91K","-0.40%"
"12/07/2021","22.523","22.395","22.625","22.230","38.83K","1.17%"
"12/06/2021","22.263","22.610","22.635","22.125","41.15K","-0.97%"
"12/03/2021","22.481","22.410","22.590","22.035","54.13K","0.74%"
"12/02/2021","22.316","22.335","22.505","22.215","45.19K","-0.10%"
"12/01/2021","22.339","22.875","23.060","22.185","65.42K","-2.09%"
"11/30/2021","22.815","22.930","23.355","22.705","68.03K","-0.16%"
"11/29/2021","22.852","23.160","23.460","22.775","66.86K","-1.22%"
"11/25/2021","23.135","23.610","23.770","22.935","55.88K","-1.54%"
"11/24/2021","23.496","23.640","23.695","23.400","54.62K","0.26%"
"11/23/2021","23.435","24.210","24.340","23.280","93.87K","-3.55%"
"11/22/2021","24.297","24.670","24.955","24.140","78.54K","-1.95%"
"11/19/2021","24.781","24.850","25.040","24.610","67.98K","-0.48%"
"11/18/2021","24.900","25.150","25.230","24.730","63.62K","-1.06%"
"11/17/2021","25.167","24.860","25.285","24.850","54.35K","0.89%"
"11/16/2021","24.944","25.135","25.490","24.825","77.00K","-0.64%"
"11/15/2021","25.105","25.425","25.465","24.970","68.48K","-0.95%"
"11/12/2021","25.346","25.350","25.470","24.925","66.39K","0.18%"
"11/11/2021","25.301","24.710","25.365","24.645","82.02K","2.14%"
"11/10/2021","24.772","24.375","25.220","24.040","131.56K","1.87%"
"11/09/2021","24.318","24.550","24.565","24.090","65.11K","-0.91%"
"11/08/2021","24.542","24.285","24.590","24.130","67.62K","1.59%"
"11/05/2021","24.157","23.870","24.255","23.665","73.24K","1.03%"
"11/04/2021","23.911","23.530","24.115","23.485","68.46K","2.93%"
"11/03/2021","23.231","23.570","23.665","23.045","67.16K","-1.17%"
"11/02/2021","23.507","24.130","24.140","23.430","63.00K","-2.35%"
"11/01/2021","24.073","23.985","24.175","23.810","37.06K","0.52%"
"10/29/2021","23.949","24.135","24.140","23.705","57.80K","-0.71%"
"10/28/2021","24.120","24.130","24.310","24.020","45.96K","-0.29%"
"10/27/2021","24.191","24.220","24.330","23.905","48.09K","0.43%"
"10/26/2021","24.088","24.650","24.655","23.925","61.76K","-2.05%"
"10/25/2021","24.592","24.395","24.695","24.365","44.83K","0.58%"
"10/22/2021","24.449","24.220","24.920","24.185","83.28K","1.15%"
"10/21/2021","24.170","24.370","24.550","24.070","58.68K","-1.12%"
"10/20/2021","24.445","23.710","24.495","23.615","73.13K","2.35%"
"10/19/2021","23.883","23.250","24.180","23.220","79.07K","2.66%"
"10/18/2021","23.264","23.380","23.495","23.035","47.03K","-0.36%"
"10/15/2021","23.349","23.565","23.645","23.100","52.25K","-0.55%"
"10/14/2021","23.477","23.100","23.625","22.925","54.28K","1.32%"
"10/13/2021","23.170","22.570","23.285","22.480","71.90K","2.91%"
"10/12/2021","22.514","22.610","22.790","22.325","42.93K","-0.67%"
"10/11/2021","22.665","22.685","22.830","22.495","29.93K","-0.18%"
"10/08/2021","22.705","22.610","23.220","22.435","69.58K","0.21%"
"10/07/2021","22.658","22.640","22.840","22.385","41.56K","0.56%"
"10/06/2021","22.532","22.635","22.700","22.185","38.89K","-0.34%"
"10/05/2021","22.608","22.725","22.730","22.380","27.04K","-0.16%"
"10/04/2021","22.644","22.600","22.805","22.290","35.18K","0.48%"
"10/01/2021","22.536","22.185","22.600","21.990","43.51K","2.22%"
"09/30/2021","22.047","21.515","22.225","21.460","66.12K","2.62%"
"09/29/2021","21.485","22.475","22.565","21.410","80.16K","-4.37%"
"09/28/2021","22.467","22.625","22.680","22.080","55.49K","-1.00%"
"09/27/2021","22.694","22.395","22.865","22.390","36.11K","1.20%"
"09/24/2021","22.425","22.530","22.790","22.090","41.67K","-1.12%"
"09/23/2021","22.679","22.695","22.880","22.465","43.74K","-1.00%"
"09/22/2021","22.907","22.485","23.150","22.455","51.99K","1.31%"
"09/21/2021","22.611","22.265","22.720","22.210","41.11K","1.83%"
"09/20/2021","22.204","22.330","22.500","22.025","50.98K","-0.60%"
"09/17/2021","22.337","22.910","23.130","22.305","66.39K","-2.00%"
"09/16/2021","22.794","23.865","24.000","22.585","90.20K","-4.23%"
"09/15/2021","23.801","23.865","23.940","23.670","32.69K","-0.35%"
"09/14/2021","23.885","23.775","23.980","23.435","42.44K","0.37%"
"09/13/2021","23.796","23.790","23.890","23.360","47.76K","-0.44%"
"09/10/2021","23.900","24.100","24.345","23.760","39.09K","-1.15%"
"09/09/2021","24.177","23.995","24.355","23.865","43.41K","0.50%"
"09/08/2021","24.056","24.390","24.480","23.940","45.43K","-1.30%"
"09/06/2021","24.373","24.865","24.895","24.210","69.93K","-1.73%"
"09/03/2021","24.802","23.950","24.945","23.910","67.19K","3.70%"
"09/02/2021","23.918","24.200","24.275","23.815","36.86K","-1.25%"
"09/01/2021","24.221","23.935","24.325","23.775","48.67K","0.90%"
"08/31/2021","24.006","24.065","24.270","23.830","44.56K","0.00%"
"08/30/2021","24.006","24.130","24.280","23.950","47.98K","-0.43%"
"08/27/2021","24.110","23.610","24.180","23.355","61.30K","2.38%"
"08/26/2021","23.550","23.870","23.895","23.420","55.51K","-0.95%"
"08/25/2021","23.775","23.875","23.910","23.590","56.58K","-0.50%"
"08/24/2021","23.894","23.645","23.975","23.545","52.17K","1.01%"
"08/23/2021","23.656","22.985","23.705","22.925","57.34K","2.35%"
"08/20/2021","23.112","23.210","23.300","22.835","55.72K","-0.51%"
"08/19/2021","23.230","23.500","23.515","23.080","51.43K","-0.82%"
"08/18/2021","23.422","23.660","23.830","23.265","46.29K","-1.00%"
"08/17/2021","23.659","23.840","23.955","23.565","42.59K","-0.55%"
"08/16/2021","23.791","23.675","23.890","23.380","42.36K","0.05%"
"08/13/2021","23.779","23.155","23.830","23.130","53.76K","2.87%"
"08/12/2021","23.116","23.515","23.530","22.970","66.98K","-1.58%"
"08/11/2021","23.488","23.325","23.565","23.190","70.05K","0.41%"
"08/10/2021","23.392","23.450","23.675","23.220","62.93K","0.53%"
"08/09/2021","23.269","24.340","24.380","22.295","118.53K","-4.35%"
"08/06/2021","24.326","25.195","25.230","24.205","113.95K","-3.82%"
"08/05/2021","25.292","25.425","25.565","25.115","42.43K","-0.66%"
"08/04/2021","25.461","25.590","26.090","25.375","72.93K","-0.47%"
"08/03/2021","25.582","25.470","25.665","25.270","45.85K","0.03%"
"08/02/2021","25.575","25.625","25.675","25.345","52.01K","0.11%"
"07/30/2021","25.547","25.600","25.685","25.395","43.33K","-0.91%"
"07/29/2021","25.782","25.015","25.875","25.000","70.55K","3.64%"
"07/28/2021","24.877","24.730","25.060","24.655","54.85K","0.92%"
"07/27/2021","24.649","25.255","25.320","24.515","80.91K","-2.64%"
"07/26/2021","25.318","25.270","25.510","25.175","40.29K","0.34%"
"07/23/2021","25.233","25.480","25.535","25.050","39.88K","-0.58%"
"07/22/2021","25.381","25.330","25.515","25.060","48.08K","0.50%"
"07/21/2021","25.255","24.975","25.365","24.790","50.53K","1.04%"
"07/20/2021","24.995","25.240","25.315","24.840","64.68K","-0.59%"
"07/19/2021","25.144","25.700","25.805","25.035","86.39K","-2.52%"
"07/16/2021","25.795","26.430","26.550","25.640","78.28K","-2.27%"
"07/15/2021","26.394","26.325","26.490","26.245","35.26K","0.47%"
"07/14/2021","26.271","26.055","26.575","26.010","65.10K","0.50%"
"07/13/2021","26.140","26.320","26.440","26.005","50.73K","-0.38%"
"07/12/2021","26.239","26.185","26.375","25.930","43.37K","0.02%"
"07/09/2021","26.234","26.005","26.300","25.820","45.50K","0.95%"
"07/08/2021","25.987","26.265","26.310","25.875","59.52K","-0.54%"
"07/07/2021","26.129","26.265","26.545","26.060","50.06K","-0.17%"
"07/05/2021","26.174","26.640","26.910","26.100","80.50K","-1.23%"
"07/02/2021","26.501","26.145","26.700","26.100","57.34K","1.54%"
"07/01/2021","26.100","26.250","26.525","26.045","54.77K","-0.36%"
"06/30/2021","26.194","25.875","26.275","25.800","44.64K","1.13%"
"06/29/2021","25.901","26.235","26.235","25.580","75.84K","-1.23%"
"06/28/2021","26.223","26.190","26.295","25.845","42.31K","0.52%"
"06/25/2021","26.087","26.010","26.380","25.970","49.17K","0.14%"
"06/24/2021","26.050","25.935","26.245","25.865","53.06K","-0.23%"
"06/23/2021","26.111","25.835","26.370","25.800","66.10K","0.98%"
"06/22/2021","25.857","25.995","26.085","25.735","54.12K","-0.65%"
"06/21/2021","26.025","25.865","26.135","25.580","66.36K","0.22%"
"06/18/2021","25.969","25.950","26.555","25.770","88.18K","0.44%"
"06/17/2021","25.856","27.005","27.320","25.820","156.97K","-7.03%"
"06/16/2021","27.812","27.795","27.970","26.700","74.31K","0.43%"
"06/15/2021","27.693","28.000","28.030","27.485","63.84K","-1.23%"
"06/14/2021","28.039","28.095","28.160","27.565","61.12K","-0.38%"
"06/11/2021","28.146","28.145","28.445","28.025","75.34K","0.41%"
"06/10/2021","28.031","27.905","28.180","27.475","82.06K","0.10%"
"06/09/2021","28.002","27.735","28.145","27.620","64.18K","0.98%"
"06/08/2021","27.731","28.025","28.120","27.610","70.19K","-1.02%"
"06/07/2021","28.018","27.910","28.085","27.595","63.09K","0.44%"
"06/04/2021","27.896","27.530","27.980","27.310","76.80K","1.52%"
"06/03/2021","27.477","28.295","28.370","27.090","106.48K","-2.58%"
"06/02/2021","28.204","27.995","28.320","27.765","53.89K","0.36%"
"05/31/2021","28.102","28.060","28.710","27.930","108.88K","0.31%"
"05/28/2021","28.014","27.980","28.095","27.480","66.46K","0.26%"
"05/27/2021","27.940","27.765","27.995","27.575","56.81K","0.23%"
"05/26/2021","27.877","28.105","28.340","27.685","65.97K","-0.64%"
"05/25/2021","28.056","27.880","28.160","27.545","69.31K","0.54%"
"05/24/2021","27.905","27.690","28.015","27.550","51.12K","1.52%"
"05/21/2021","27.486","27.870","28.195","27.265","78.64K","-2.07%"
"05/20/2021","28.067","27.840","28.125","27.490","55.96K","0.15%"
"05/19/2021","28.025","28.300","28.365","27.425","109.07K","-1.09%"
"05/18/2021","28.333","28.325","28.900","28.120","77.21K","0.21%"
"05/17/2021","28.274","27.515","28.435","27.440","86.80K","3.32%"
"05/14/2021","27.365","27.190","27.595","26.920","58.61K","1.13%"
"05/13/2021","27.059","27.095","27.330","26.780","63.63K","-0.68%"
"05/12/2021","27.244","27.760","27.830","27.030","77.86K","-1.53%"
"05/11/2021","27.667","27.400","27.780","27.180","62.13K","0.64%"
"05/10/2021","27.492","27.680","28.005","27.320","65.17K","0.05%"
"05/07/2021","27.477","27.450","27.800","27.230","80.78K","0.00%"
"05/06/2021","27.477","26.590","27.585","26.245","90.93K","3.60%"
"05/05/2021","26.522","26.595","26.710","26.165","40.71K","-0.14%"
"05/04/2021","26.558","27.015","27.240","26.160","76.95K","-1.49%"
"05/03/2021","26.960","25.990","27.115","25.850","77.32K","4.20%"
"04/30/2021","25.873","26.170","26.275","25.855","55.51K","-0.81%"
"04/29/2021","26.085","26.300","26.580","25.745","81.33K","0.00%"
"04/28/2021","26.085","26.325","26.345","25.840","62.06K","-1.23%"
"04/27/2021","26.410","26.275","26.515","26.100","65.27K","0.77%"
"04/26/2021","26.209","26.045","26.280","25.895","59.86K","0.51%"
"04/23/2021","26.075","26.195","26.470","25.890","63.84K","-0.40%"
"04/22/2021","26.180","26.650","26.670","26.025","84.13K","-1.47%"
"04/21/2021","26.570","25.880","26.730","25.795","94.21K","2.83%"
"04/20/2021","25.840","25.875","26.150","25.725","70.92K","0.01%"
"04/19/2021","25.837","26.055","26.280","25.670","68.09K","-1.03%"
"04/16/2021","26.105","25.940","26.380","25.795","58.50K","0.54%"
"04/15/2021","25.964","25.480","26.070","25.380","72.56K","1.72%"
"04/14/2021","25.524","25.405","25.590","25.235","56.47K","0.39%"
"04/13/2021","25.426","24.830","25.540","24.680","77.44K","2.25%"
"04/12/2021","24.867","25.300","25.330","24.725","65.06K","-1.81%"
"04/09/2021","25.325","25.530","25.555","25.010","60.53K","-1.02%"
"04/08/2021","25.585","25.210","25.675","25.020","65.65K","1.34%"
"04/07/2021","25.247","25.210","25.330","24.895","44.35K","0.08%"
"04/06/2021","25.227","24.905","25.355","24.795","53.64K","1.80%"
"04/05/2021","24.780","25.050","25.140","24.660","39.25K","-0.67%"
"04/01/2021","24.948","24.460","25.045","24.270","63.17K","1.70%"
"03/31/2021","24.532","24.045","24.565","23.740","65.79K","1.64%"
"03/30/2021","24.137","24.725","24.770","23.880","72.66K","-2.56%"
"03/29/2021","24.771","25.105","25.150","24.480","52.99K","-1.37%"
"03/26/2021","25.114","25.150","25.335","24.920","42.08K","0.27%"
"03/25/2021","25.047","25.170","25.255","24.435","86.47K","-0.73%"
"03/24/2021","25.231","25.120","25.430","25.020","42.91K","0.02%"
"03/23/2021","25.227","25.850","25.915","25.050","63.34K","-2.10%"
"03/22/2021","25.769","26.340","26.350","25.450","62.03K","-2.10%"
"03/19/2021","26.321","26.150","26.400","25.925","51.79K","-0.11%"
"03/18/2021","26.351","26.400","26.740","25.875","76.40K","1.12%"
"03/17/2021","26.058","26.005","26.615","25.805","55.13K","0.21%"
"03/16/2021","26.003","26.340","26.405","25.885","47.61K","-1.08%"
"03/15/2021","26.288","26.070","26.390","25.845","48.44K","1.45%"
"03/12/2021","25.911","26.195","26.235","25.425","56.88K","-1.08%"
"03/11/2021","26.193","26.315","26.545","25.885","55.08K","0.24%"
"03/10/2021","26.130","26.025","26.315","25.610","53.39K","-0.20%"
"03/09/2021","26.183","25.170","26.220","25.090","69.61K","3.62%"
"03/08/2021","25.269","25.400","25.965","24.970","61.34K","-0.07%"
"03/05/2021","25.287","25.385","25.505","24.845","79.26K","-0.68%"
"03/04/2021","25.461","26.175","26.385","25.080","95.00K","-3.51%"
"03/03/2021","26.387","26.860","26.915","25.875","82.46K","-1.83%"
"03/02/2021","26.879","26.630","26.985","25.820","82.14K","0.75%"
"03/01/2021","26.678","26.700","27.175","26.510","71.64K","0.90%"
"02/26/2021","26.440","27.530","27.650","26.160","116.75K","-4.50%"
"02/25/2021","27.685","28.080","28.345","27.345","109.69K","-0.62%"
"02/24/2021","27.859","27.715","28.080","27.365","73.50K","0.62%"
"02/23/2021","27.688","28.250","28.425","27.285","104.38K","-1.41%"
"02/22/2021","28.085","27.555","28.345","27.330","106.24K","3.05%"
"02/19/2021","27.254","27.110","27.710","26.105","96.26K","0.65%"
"02/18/2021","27.078","27.465","27.595","26.905","84.30K","-0.87%"
"02/17/2021","27.315","27.310","27.490","26.915","73.03K","-0.04%"
"02/15/2021","27.325","27.490","28.075","26.870","129.34K","-0.01%"
"02/12/2021","27.328","27.020","27.500","26.910","53.47K","1.04%"
"02/11/2021","27.047","27.095","27.350","26.750","62.16K","-0.11%"
"02/10/2021","27.078","27.350","27.595","26.880","71.17K","-1.18%"
"02/09/2021","27.402","27.370","27.875","27.130","81.81K","-0.63%"
"02/08/2021","27.576","27.200","27.700","26.930","84.38K","2.06%"
"02/05/2021","27.019","26.420","27.105","26.255","90.32K","2.99%"
"02/04/2021","26.234","26.960","27.015","25.935","104.91K","-2.44%"
"02/03/2021","26.889","26.735","27.260","26.545","93.58K","1.84%"
"02/02/2021","26.402","29.095","29.150","26.350","208.63K","-10.25%"
"02/01/2021","29.418","28.425","30.350","28.155","325.63K","9.30%"
"01/29/2021","26.914","26.625","27.770","26.150","187.56K","3.83%"
"01/28/2021","25.922","25.330","27.100","24.895","190.87K","2.10%"
"01/27/2021","25.389","25.530","25.545","24.715","96.67K","-0.58%"
"01/26/2021","25.538","25.395","25.720","25.230","52.74K","0.21%"
"01/25/2021","25.484","25.535","25.835","25.205","73.17K","-0.28%"
"01/22/2021","25.556","26.025","26.045","25.050","75.21K","-1.15%"
"01/21/2021","25.854","25.910","26.130","25.700","59.50K","0.34%"
"01/20/2021","25.766","25.290","25.960","25.060","80.82K","1.76%"
"01/18/2021","25.320","24.835","25.480","24.040","108.90K","1.83%"
"01/15/2021","24.866","25.610","25.865","24.610","106.18K","-3.63%"
"01/14/2021","25.802","25.290","25.990","25.095","84.24K","0.90%"
"01/13/2021","25.572","25.655","25.785","25.170","58.51K","0.54%"
"01/12/2021","25.435","25.015","25.745","25.000","65.92K","0.60%"
"01/11/2021","25.284","25.470","25.595","24.365","106.00K","2.63%"
"01/08/2021","24.637","27.280","27.335","24.530","186.37K","-9.63%"
"01/07/2021","27.261","27.410","27.495","27.020","69.49K","0.81%"
"01/06/2021","27.042","27.720","28.105","26.700","129.36K","-2.16%"
"01/05/2021","27.640","27.355","27.850","27.150","67.46K","1.01%"
"01/04/2021","27.364","26.770","27.760","26.730","113.76K","3.60%"
"12/31/2020","26.412","26.835","26.880","26.345","39.62K","-0.61%"
"12/30/2020","26.573","26.325","26.835","26.260","47.68K","1.36%"
"12/29/2020","26.217","26.450","26.770","26.075","64.31K","-1.21%"
"12/28/2020","26.539","26.130","26.980","26.000","81.41K","2.44%"
"12/24/2020","25.908","25.740","26.080","25.535","35.14K","-0.05%"
"12/23/2020","25.921","25.315","25.960","25.185","65.50K","1.51%"
"12/22/2020","25.535","26.420","26.815","25.225","108.02K","-3.20%"
"12/21/2020","26.379","26.110","27.635","25.120","133.74K","1.33%"
"12/18/2020","26.033","26.255","26.350","25.865","70.35K","-0.57%"
"12/17/2020","26.181","25.500","26.305","25.335","97.95K","4.51%"
"12/16/2020","25.052","24.645","25.640","24.575","97.98K","1.66%"
"12/15/2020","24.644","23.965","24.700","23.940","62.40K","2.48%"
"12/14/2020","24.047","24.140","24.365","23.755","55.68K","-0.19%"
"12/11/2020","24.092","24.135","24.245","23.690","50.25K","-0.01%"
"12/10/2020","24.094","24.055","24.430","23.825","58.69K","0.43%"
"12/09/2020","23.990","24.735","24.755","23.695","84.50K","-3.02%"
"12/08/2020","24.736","24.655","25.015","24.550","58.83K","-0.23%"
"12/07/2020","24.794","24.310","24.940","23.630","83.05K","2.23%"
"12/04/2020","24.253","24.195","24.585","24.065","68.53K","0.48%"
"12/03/2020","24.137","24.220","24.420","23.850","73.44K","0.24%"
"12/02/2020","24.080","24.130","24.455","23.680","76.79K","-0.04%"
"12/01/2020","24.090","22.700","24.180","22.665","89.39K","6.63%"
"11/30/2020","22.593","22.780","22.830","21.960","95.29K","-0.20%"
"11/26/2020","22.639","23.485","23.575","22.400","94.53K","-3.09%"
"11/25/2020","23.362","23.290","23.545","23.115","57.05K","0.27%"
"11/24/2020","23.300","23.630","23.650","22.935","106.07K","-1.41%"
"11/23/2020","23.633","24.225","24.455","23.460","106.43K","-3.00%"
"11/20/2020","24.363","24.115","24.600","23.955","76.35K","1.31%"
"11/19/2020","24.048","24.380","24.425","23.670","94.81K","-1.64%"
"11/18/2020","24.448","24.565","24.780","24.235","82.57K","-0.82%"
"11/17/2020","24.651","24.880","24.900","24.435","57.85K","-0.61%"
"11/16/2020","24.802","24.800","25.155","24.255","81.63K","0.11%"
"11/13/2020","24.775","24.365","24.900","24.215","60.87K","1.93%"
"11/12/2020","24.306","24.360","24.475","24.090","62.74K","0.16%"
"11/11/2020","24.267","24.305","24.510","23.810","76.99K","-0.80%"
"11/10/2020","24.462","24.180","24.580","23.950","87.44K","3.21%"
"11/09/2020","23.701","25.860","26.135","23.600","168.83K","-7.64%"
"11/06/2020","25.662","25.450","25.975","25.010","114.86K","1.87%"
"11/05/2020","25.191","23.980","25.540","23.955","107.65K","5.43%"
"11/04/2020","23.893","24.290","24.620","23.260","101.89K","-1.81%"
"11/03/2020","24.334","24.170","24.485","23.975","60.02K","1.25%"
"11/02/2020","24.033","23.635","24.260","23.460","74.90K","1.64%"
"10/30/2020","23.646","23.350","23.910","23.230","80.57K","1.22%"
"10/29/2020","23.360","23.440","23.650","22.625","102.57K","0.00%"
"10/28/2020","23.359","24.495","24.675","23.060","131.77K","-4.93%"
"10/27/2020","24.570","24.385","24.760","24.265","52.48K","0.61%"
"10/26/2020","24.420","24.750","24.765","24.145","68.93K","-1.03%"
"10/23/2020","24.675","24.835","24.980","24.500","52.73K","-0.14%"
"10/22/2020","24.709","25.180","25.225","24.460","74.44K","-2.11%"
"10/21/2020","25.241","24.795","25.425","24.775","77.69K","1.04%"
"10/20/2020","24.980","24.485","25.060","24.405","57.37K","1.14%"
"10/19/2020","24.698","24.290","25.120","24.215","63.70K","1.20%"
"10/16/2020","24.405","24.430","24.660","24.185","50.59K","0.75%"
"10/15/2020","24.224","24.370","24.440","23.650","72.42K","-0.70%"
"10/14/2020","24.395","24.240","24.725","23.930","63.47K","1.10%"
"10/13/2020","24.129","25.240","25.310","24.015","94.21K","-4.52%"
"10/12/2020","25.271","25.280","25.710","24.905","70.14K","0.65%"
"10/09/2020","25.108","23.970","25.330","23.965","74.75K","5.16%"
"10/08/2020","23.876","23.925","24.355","23.775","46.73K","-0.08%"
"10/07/2020","23.896","23.160","24.120","23.090","59.07K","-0.10%"
"10/06/2020","23.921","24.520","24.650","22.965","72.23K","-2.60%"
"10/05/2020","24.560","24.075","24.675","23.805","50.31K","2.21%"
"10/02/2020","24.029","23.900","24.355","23.580","66.34K","-0.93%"
"10/01/2020","24.254","23.355","24.320","23.325","71.45K","3.23%"
"09/30/2020","23.494","24.505","24.505","23.235","90.77K","-3.89%"
"09/29/2020","24.445","23.805","24.545","23.510","79.19K","3.56%"
"09/28/2020","23.604","22.995","23.860","22.610","78.58K","2.21%"
"09/25/2020","23.093","23.240","23.415","22.520","92.92K","-0.44%"
"09/24/2020","23.196","22.875","23.440","21.810","159.01K","0.39%"
"09/23/2020","23.105","24.525","24.620","22.725","151.99K","-5.78%"
"09/22/2020","24.523","24.785","25.300","23.910","109.44K","0.56%"
"09/21/2020","24.387","27.005","27.130","23.780","180.81K","-10.11%"
"09/18/2020","27.129","27.285","27.580","26.870","53.09K","0.11%"
"09/17/2020","27.100","27.345","27.400","26.405","95.31K","-1.37%"
"09/16/2020","27.476","27.350","27.705","27.055","63.70K","0.04%"
"09/15/2020","27.464","27.380","27.865","27.195","60.45K","0.40%"
"09/14/2020","27.355","26.910","27.545","26.850","53.42K","1.85%"
"09/11/2020","26.857","27.035","27.240","26.725","60.57K","-1.59%"
"09/10/2020","27.291","27.185","27.755","26.865","86.96K","0.77%"
"09/09/2020","27.083","26.905","27.325","26.565","60.07K","0.34%"
"09/07/2020","26.991","27.040","27.385","25.985","139.90K","1.04%"
"09/04/2020","26.712","26.765","27.245","26.455","114.60K","-0.61%"
"09/03/2020","26.875","27.635","27.890","26.630","125.57K","-1.90%"
"09/02/2020","27.395","28.385","28.540","27.275","126.39K","-4.36%"
"09/01/2020","28.645","28.430","29.235","27.835","115.76K","0.18%"
"08/31/2020","28.594","27.830","28.650","27.790","91.97K","2.89%"
"08/28/2020","27.790","27.265","27.990","27.050","103.77K","2.83%"
"08/27/2020","27.025","27.645","28.035","26.565","131.42K","-1.54%"
"08/26/2020","27.449","26.610","27.665","26.155","137.13K","4.48%"
"08/25/2020","26.273","26.655","26.855","26.130","100.45K","-1.26%"
"08/24/2020","26.607","26.890","27.340","26.330","122.35K","-0.47%"
"08/21/2020","26.732","27.375","27.635","26.095","160.04K","-1.53%"
"08/20/2020","27.147","26.770","27.630","26.650","153.75K","-0.71%"
"08/19/2020","27.340","27.855","28.130","26.530","212.26K","-2.62%"
"08/18/2020","28.075","27.620","28.605","27.190","213.36K","1.47%"
"08/17/2020","27.667","26.670","27.710","25.915","164.74K","6.05%"
"08/14/2020","26.089","27.620","27.885","25.780","223.22K","-5.88%"
"08/13/2020","27.718","25.630","27.855","25.355","245.90K","6.69%"
"08/12/2020","25.979","24.900","26.355","23.580","241.93K","-0.27%"
"08/11/2020","26.049","29.235","29.440","24.480","355.28K","-10.98%"
"08/10/2020","29.261","28.525","29.530","27.960","242.86K","6.25%"
"08/07/2020","27.540","29.025","29.915","27.430","283.92K","-3.03%"
"08/06/2020","28.400","27.105","29.200","26.935","236.12K","5.62%"
"08/05/2020","26.890","26.290","27.250","25.640","212.52K","3.31%"
"08/04/2020","26.028","24.490","26.260","24.240","157.04K","6.60%"
"08/03/2020","24.417","24.680","25.275","24.160","78.82K","0.83%"
"07/31/2020","24.216","23.625","24.670","23.410","139.82K","3.66%"
"07/30/2020","23.362","24.450","24.580","23.000","154.86K","-3.94%"
"07/29/2020","24.321","24.580","25.120","23.435","138.90K","0.09%"
"07/28/2020","24.300","24.700","26.275","22.460","253.67K","-0.82%"
"07/27/2020","24.501","22.970","24.820","22.940","188.89K","7.23%"
"07/24/2020","22.850","22.835","23.185","22.580","111.99K","-0.60%"
"07/23/2020","22.988","23.405","23.670","22.475","182.28K","-0.67%"
"07/22/2020","23.144","21.700","23.420","21.680","202.39K","7.36%"
"07/21/2020","21.557","20.340","21.725","20.315","142.78K","6.76%"
"07/20/2020","20.192","19.765","20.340","19.655","80.32K","2.17%"
"07/17/2020","19.764","19.535","19.790","19.355","56.42K","0.98%"
"07/16/2020","19.573","19.820","19.870","19.475","54.37K","-0.95%"
"07/15/2020","19.761","19.645","19.845","19.525","58.39K","1.18%"
"07/14/2020","19.530","19.455","19.685","19.240","73.78K","-1.30%"
"07/13/2020","19.788","19.080","19.810","19.080","85.99K","3.86%"
"07/10/2020","19.053","19.025","19.195","18.910","62.08K","0.48%"
"07/09/2020","18.962","19.150","19.445","18.830","102.76K","-1.04%"
"07/08/2020","19.161","18.625","19.215","18.585","84.23K","2.47%"
"07/07/2020","18.699","18.585","18.720","18.235","71.67K","0.63%"
"07/03/2020","18.582","18.270","18.780","18.230","63.13K","1.42%"
"07/02/2020","18.322","18.285","18.400","17.995","49.86K","0.57%"
"07/01/2020","18.218","18.580","18.850","18.095","86.82K","-2.25%"
"06/30/2020","18.637","18.095","18.655","18.020","75.09K","3.17%"
"06/29/2020","18.064","18.110","18.285","17.935","50.25K","-0.57%"
"06/26/2020","18.168","18.075","18.255","17.680","37.22K","1.53%"
"06/25/2020","17.895","17.575","17.940","17.500","46.32K","1.27%"
"06/24/2020","17.670","18.100","18.255","17.425","71.47K","-2.18%"
"06/23/2020","18.063","17.805","18.140","17.730","75.91K","0.90%"
"06/22/2020","17.902","17.920","18.190","17.785","75.21K","0.31%"
"06/19/2020","17.847","17.490","18.030","17.470","64.57K","1.94%"
"06/18/2020","17.508","17.705","17.920","17.400","47.76K","-1.50%"
"06/17/2020","17.775","17.630","17.815","17.515","43.10K","0.70%"
"06/16/2020","17.652","17.520","17.790","17.465","65.04K","1.45%"
"06/15/2020","17.399","17.560","17.630","17.015","75.74K","-0.47%"
"06/12/2020","17.482","17.755","17.870","17.470","60.63K","-2.28%"
"06/11/2020","17.889","18.335","18.390","17.600","90.45K","0.52%"
"06/10/2020","17.796","17.740","18.405","17.685","88.22K","0.01%"
"06/09/2020","17.794","17.945","17.990","17.685","54.90K","-0.55%"
"06/08/2020","17.893","17.545","17.980","17.495","61.18K","2.37%"
"06/05/2020","17.479","18.020","18.050","17.375","87.12K","-3.22%"
"06/04/2020","18.061","17.965","18.130","17.785","56.56K","0.57%"
"06/03/2020","17.958","18.395","18.405","17.675","72.24K","-1.65%"
"06/02/2020","18.260","18.850","18.900","18.115","78.44K","-3.01%"
"06/01/2020","18.827","18.635","18.950","18.455","62.65K","1.77%"
"05/29/2020","18.499","17.920","18.550","17.810","64.04K","2.96%"
"05/28/2020","17.967","17.800","18.110","17.685","61.04K","1.18%"
"05/27/2020","17.757","17.560","17.860","17.225","65.07K","0.92%"
"05/25/2020","17.595","17.690","18.040","17.370","77.62K","-0.55%"
"05/22/2020","17.693","17.435","17.770","17.190","51.24K","1.89%"
"05/21/2020","17.364","18.055","18.060","17.260","74.68K","-3.70%"
"05/20/2020","18.031","17.875","18.165","17.755","62.49K","0.73%"
"05/19/2020","17.901","17.370","18.010","17.340","66.69K","2.48%"
"05/18/2020","17.468","17.225","17.985","17.125","91.02K","2.33%"
"05/15/2020","17.070","16.185","17.150","16.155","80.68K","5.66%"
"05/14/2020","16.156","15.755","16.225","15.660","52.22K","3.09%"
"05/13/2020","15.671","15.625","15.910","15.545","42.56K","-0.24%"
"05/12/2020","15.709","15.700","15.880","15.525","35.61K","0.18%"
"05/11/2020","15.680","15.755","15.920","15.510","37.38K","-0.62%"
"05/08/2020","15.778","15.625","15.980","15.505","58.81K","1.21%"
"05/07/2020","15.590","14.920","15.695","14.920","49.27K","3.83%"
"05/06/2020","15.015","15.115","15.390","14.840","38.73K","-0.63%"
"05/05/2020","15.110","14.845","15.200","14.760","32.04K","2.12%"
"05/04/2020","14.796","15.075","15.225","14.760","37.06K","-0.95%"
"05/01/2020","14.938","15.075","15.150","14.820","32.19K","-0.23%"
"04/30/2020","14.973","15.530","15.940","14.850","66.67K","-2.23%"
"04/29/2020","15.315","15.330","15.605","15.235","42.10K","0.95%"
"04/28/2020","15.171","15.295","15.330","14.940","28.28K","-0.26%"
"04/27/2020","15.210","15.320","15.445","15.105","30.55K","-0.35%"
"04/24/2020","15.263","15.375","15.550","15.090","39.19K","-0.61%"
"04/23/2020","15.357","15.280","15.720","15.205","47.87K","0.14%"
"04/22/2020","15.335","14.960","15.365","14.775","42.94K","3.09%"
"04/21/2020","14.876","15.535","15.560","14.560","68.55K","-4.73%"
"04/20/2020","15.614","15.285","15.690","15.215","34.45K","2.09%"
"04/17/2020","15.295","15.750","15.800","15.195","41.18K","-2.09%"
"04/16/2020","15.622","15.650","15.915","15.430","43.47K","0.75%"
"04/15/2020","15.505","16.060","16.080","15.480","51.17K","-3.87%"
"04/14/2020","16.130","15.655","16.300","15.655","63.63K","3.82%"
"04/13/2020","15.537","15.875","15.975","15.385","50.16K","-3.21%"
"04/09/2020","16.053","15.215","16.090","15.175","64.32K","5.58%"
"04/08/2020","15.205","15.305","15.445","15.110","43.34K","-1.78%"
"04/07/2020","15.480","15.280","15.930","15.205","69.75K","2.05%"
"04/06/2020","15.169","14.540","15.405","14.355","52.88K","4.66%"
"04/03/2020","14.494","14.630","14.750","14.440","38.18K","-1.09%"
"04/02/2020","14.654","14.055","14.720","13.990","55.52K","4.79%"
"04/01/2020","13.984","14.145","14.265","13.895","44.03K","-1.22%"
"03/31/2020","14.156","14.205","14.500","14.055","50.96K","0.17%"
"03/30/2020","14.132","14.700","14.710","13.945","58.90K","-2.77%"
"03/27/2020","14.534","14.660","14.840","14.345","54.39K","-0.97%"
"03/26/2020","14.676","14.770","14.980","14.400","52.83K","-1.32%"
"03/25/2020","14.873","14.415","14.930","14.205","78.77K","4.32%"
"03/24/2020","14.257","13.320","14.435","13.220","109.94K","7.51%"
"03/23/2020","13.261","12.615","13.330","12.290","74.90K","7.07%"
"03/20/2020","12.385","12.125","13.095","12.005","81.76K","2.07%"
"03/19/2020","12.134","11.975","12.330","11.760","77.37K","3.08%"
"03/18/2020","11.772","12.610","12.905","11.640","122.77K","-5.79%"
"03/17/2020","12.495","12.860","13.230","12.110","111.38K","-2.50%"
"03/16/2020","12.816","15.100","15.245","11.770","148.46K","-11.61%"
"03/13/2020","14.500","15.825","15.890","14.425","162.45K","-9.40%"
"03/12/2020","16.005","16.720","16.910","15.505","147.26K","-4.60%"
"03/11/2020","16.776","16.875","17.110","16.660","56.85K","-1.06%"
"03/10/2020","16.955","17.020","17.200","16.790","76.90K","-0.58%"
"03/09/2020","17.054","17.490","17.615","16.550","128.27K","-1.21%"
"03/06/2020","17.263","17.450","17.575","17.015","94.55K","-0.75%"
"03/05/2020","17.393","17.230","17.465","17.150","53.48K","0.85%"
"03/04/2020","17.246","17.205","17.335","17.075","67.25K","0.34%"
"03/03/2020","17.188","16.665","17.480","16.665","114.57K","2.68%"
"03/02/2020","16.739","16.500","17.060","16.445","104.98K","1.71%"
"02/28/2020","16.457","17.760","17.885","16.400","221.54K","-7.21%"
"02/27/2020","17.735","17.945","18.160","17.630","122.38K","-0.56%"
"02/26/2020","17.834","17.965","18.170","17.745","96.32K","-1.96%"
"02/25/2020","18.191","18.625","18.640","17.820","153.70K","-3.63%"
"02/24/2020","18.876","18.650","18.920","18.510","140.49K","1.87%"
"02/21/2020","18.530","18.360","18.625","18.335","114.90K","1.15%"
"02/20/2020","18.319","18.425","18.440","18.205","98.11K","0.04%"
"02/19/2020","18.311","18.155","18.450","18.135","93.64K","0.65%"
"02/18/2020","18.192","17.760","18.240","17.760","0.56K","0.23%"
"02/17/2020","18.150","17.725","18.215","17.670","129.96K","2.35%"
"02/14/2020","17.734","17.625","17.790","17.595","56.24K","0.65%"
"02/13/2020","17.619","17.455","17.715","17.440","69.82K","0.70%"
"02/12/2020","17.497","17.620","17.650","17.435","73.62K","-0.57%"
"02/11/2020","17.597","17.755","17.800","17.550","70.84K","-1.06%"
"02/10/2020","17.785","17.705","17.825","17.665","57.05K","0.53%"
"02/07/2020","17.692","17.810","17.855","17.605","68.87K","-0.71%"
"02/06/2020","17.818","17.610","17.875","17.575","60.51K","1.23%"
"02/05/2020","17.602","17.565","17.710","17.465","59.86K","0.23%"
"02/04/2020","17.561","17.650","17.770","17.510","59.68K","-0.62%"
"02/03/2020","17.670","18.100","18.125","17.580","83.12K","-1.90%"
"01/31/2020","18.012","17.825","18.090","17.760","63.34K","0.11%"
"01/30/2020","17.992","17.540","18.040","17.520","96.96K","2.89%"
"01/29/2020","17.487","17.440","17.575","17.280","63.16K","0.17%"
"01/28/2020","17.458","18.095","18.115","17.420","110.54K","-3.31%"
"01/27/2020","18.056","18.260","18.375","18.040","67.72K","-0.31%"
"01/24/2020","18.113","17.800","18.145","17.740","68.05K","1.59%"
"01/23/2020","17.829","17.835","17.910","17.590","69.27K","0.01%"
"01/22/2020","17.828","17.785","17.930","17.675","57.76K","0.11%"
"01/21/2020","17.808","18.040","18.155","17.620","135.96K","0.00%"
"01/20/2020","17.808","18.040","18.155","17.620","135.96K","-1.47%"
"01/17/2020","18.073","17.950","18.185","17.905","69.18K","0.75%"
"01/16/2020","17.939","18.010","18.055","17.875","58.31K","-0.27%"
"01/15/2020","17.988","17.800","18.055","17.755","73.76K","1.39%"
"01/14/2020","17.742","17.975","17.985","17.690","84.39K","-1.41%"
"01/13/2020","17.996","18.130","18.130","17.935","59.33K","-0.60%"
"01/10/2020","18.105","17.920","18.175","17.860","80.66K","0.94%"
"01/09/2020","17.936","18.120","18.225","17.815","101.36K","-1.27%"
"01/08/2020","18.167","18.450","18.895","18.085","180.48K","-1.23%"
"01/07/2020","18.393","18.185","18.470","17.975","111.96K","1.18%"
"01/06/2020","18.179","18.170","18.550","18.045","136.41K","0.15%"
"01/03/2020","18.151","18.070","18.325","18.040","110.02K","0.58%"
"01/02/2020","18.046","17.905","18.150","17.830","90.11K","0.70%"
"12/31/2019","17.921","17.970","18.200","17.870","62.11K","-0.44%"
"12/30/2019","18.001","17.860","18.020","17.830","62.95K","0.32%"
"12/27/2019","17.943","17.995","18.050","17.815","70.18K","-0.26%"
"12/26/2019","17.990","17.830","18.135","17.810","89.08K","0.77%"
"12/24/2019","17.853","17.515","17.865","17.425","64.68K","2.02%"
"12/23/2019","17.499","17.230","17.520","17.230","65.08K","1.60%"
"12/20/2019","17.224","17.115","17.315","17.080","65.65K","0.41%"
"12/19/2019","17.154","17.065","17.180","16.950","47.39K","0.62%"
"12/18/2019","17.049","17.060","17.125","16.935","47.19K","-0.13%"
"12/17/2019","17.072","17.105","17.170","17.015","45.74K","-0.24%"
"12/16/2019","17.113","17.005","17.140","16.955","48.65K","0.59%"
"12/13/2019","17.012","16.970","17.095","16.895","77.90K","0.37%"
"12/12/2019","16.949","16.930","17.185","16.820","113.42K","0.59%"
"12/11/2019","16.849","16.710","17.025","16.650","62.67K","0.88%"
"12/10/2019","16.702","16.655","16.770","16.625","50.20K","0.36%"
"12/09/2019","16.642","16.600","16.730","16.565","53.51K","0.28%"
"12/06/2019","16.596","17.020","17.125","16.575","110.18K","-2.71%"
"12/05/2019","17.059","16.920","17.075","16.870","69.27K","0.85%"
"12/04/2019","16.916","17.250","17.415","16.865","112.99K","-1.92%"
"12/03/2019","17.248","16.980","17.285","16.945","90.11K","1.66%"
"12/02/2019","16.966","17.070","17.100","16.895","71.95K","-0.55%"
"11/29/2019","17.060","17.060","17.060","17.060","","-0.27%"
"11/28/2019","17.106","17.060","17.125","16.935","69.20K","1.15%"
"11/27/2019","16.912","17.060","17.065","16.875","26.89K","-0.78%"
"11/26/2019","17.045","16.780","17.085","16.780","84.26K","0.94%"
"11/25/2019","16.886","16.960","16.970","16.820","69.12K","-0.67%"
"11/22/2019","17.000","17.075","17.210","16.950","78.64K","-0.38%"
"11/21/2019","17.065","17.145","17.170","17.010","95.17K","-0.29%"
"11/20/2019","17.115","17.115","17.185","17.000","98.37K","-0.02%"
"11/19/2019","17.118","17.005","17.160","16.935","94.71K","0.69%"
"11/18/2019","17.000","16.950","17.030","16.705","94.06K","0.31%"
"11/15/2019","16.948","17.000","17.010","16.780","66.80K","-0.47%"
"11/14/2019","17.028","16.930","17.080","16.845","79.01K","0.68%"
"11/13/2019","16.913","16.720","17.000","16.720","99.84K","1.32%"
"11/12/2019","16.692","16.785","16.875","16.615","93.98K","-0.65%"
"11/11/2019","16.802","16.755","16.910","16.630","90.42K","-0.12%"
"11/08/2019","16.823","17.070","17.095","16.660","135.57K","-1.10%"
"11/07/2019","17.010","17.605","17.645","16.910","166.41K","-3.34%"
"11/06/2019","17.598","17.555","17.630","17.360","101.43K","0.17%"
"11/05/2019","17.568","18.060","18.085","17.520","141.97K","-2.76%"
"11/04/2019","18.066","18.125","18.230","17.960","78.10K","0.08%"
"11/01/2019","18.052","18.120","18.160","17.935","89.93K","-0.08%"
"10/31/2019","18.067","17.895","18.185","17.795","103.41K","1.12%"
"10/30/2019","17.867","17.820","17.965","17.590","84.39K","0.20%"
"10/29/2019","17.831","17.870","17.905","17.605","78.57K","-0.25%"
"10/28/2019","17.876","18.065","18.145","17.785","81.92K","-0.28%"
"10/25/2019","17.926","17.835","18.350","17.800","133.99K","0.69%"
"10/24/2019","17.804","17.575","17.860","17.485","76.01K","1.27%"
"10/23/2019","17.580","17.550","17.630","17.515","51.19K","0.46%"
"10/22/2019","17.500","17.580","17.680","17.440","56.64K","-0.58%"
"10/21/2019","17.602","17.615","17.895","17.530","76.35K","0.14%"
"10/18/2019","17.578","17.570","17.620","17.420","48.12K","-0.19%"
"10/17/2019","17.612","17.415","17.665","17.330","62.37K","1.06%"
"10/16/2019","17.427","17.430","17.490","17.180","80.64K","0.25%"
"10/15/2019","17.384","17.695","17.765","17.370","71.96K","-1.84%"
"10/14/2019","17.710","17.590","17.735","17.455","48.68K","0.95%"
"10/11/2019","17.544","17.540","17.785","17.370","102.67K","-0.33%"
"10/10/2019","17.602","17.800","17.935","17.455","93.95K","-1.17%"
"10/09/2019","17.810","17.775","18.000","17.720","67.68K","0.62%"
"10/08/2019","17.700","17.490","17.860","17.305","91.07K","0.91%"
"10/07/2019","17.540","17.665","17.700","17.435","35.22K","-0.48%"
"10/04/2019","17.625","17.630","17.745","17.330","59.58K","-0.29%"
"10/03/2019","17.676","17.630","17.845","17.515","70.00K","-0.04%"
"10/02/2019","17.683","17.310","17.730","17.240","70.48K","2.20%"
"10/01/2019","17.302","17.045","17.375","16.940","82.42K","1.79%"
"09/30/2019","16.998","17.590","17.660","16.980","96.15K","-3.70%"
"09/27/2019","17.652","17.885","17.960","17.345","134.22K","-1.45%"
"09/26/2019","17.912","17.990","18.110","17.785","110.04K","-0.89%"
"09/25/2019","18.073","18.680","18.750","17.875","132.58K","-2.98%"
"09/24/2019","18.628","18.655","18.810","18.315","132.63K","-0.44%"
"09/23/2019","18.711","18.030","18.780","17.990","129.34K","4.83%"
"09/20/2019","17.849","17.870","18.060","17.810","59.13K","-0.20%"
"09/19/2019","17.884","17.845","18.015","17.655","65.97K","-0.20%"
"09/18/2019","17.919","18.095","18.120","17.580","100.53K","-1.22%"
"09/17/2019","18.140","17.925","18.170","17.820","88.43K","0.63%"
"09/16/2019","18.026","17.755","18.075","17.690","108.43K","2.60%"
"09/13/2019","17.569","18.155","18.265","17.470","106.47K","-3.34%"
"09/12/2019","18.177","18.200","18.555","18.085","99.70K","0.04%"
"09/11/2019","18.170","18.095","18.335","17.970","84.66K","-0.09%"
"09/10/2019","18.186","18.090","18.265","17.855","116.63K","0.10%"
"09/09/2019","18.167","18.215","18.400","18.015","135.35K","0.26%"
"09/06/2019","18.119","18.715","18.890","18.045","221.80K","-3.66%"
"09/05/2019","18.807","19.645","19.675","18.570","194.13K","-3.79%"
"09/04/2019","19.547","19.350","19.750","19.280","156.69K","1.88%"
"09/03/2019","19.186","18.585","19.190","18.470","0.06K","-0.27%"
"09/02/2019","19.237","18.520","19.395","18.365","199.68K","4.88%"
"08/30/2019","18.342","18.365","18.575","18.165","115.42K","0.10%"
"08/29/2019","18.323","18.450","18.760","18.150","161.56K","0.03%"
"08/28/2019","18.318","18.145","18.475","18.025","97.74K","0.91%"
"08/27/2019","18.153","17.640","18.185","17.610","107.65K","2.90%"
"08/26/2019","17.641","17.500","17.755","17.495","108.83K","1.31%"
"08/23/2019","17.413","17.030","17.465","16.960","112.35K","2.19%"
"08/22/2019","17.040","17.115","17.130","16.915","70.97K","-0.65%"
"08/21/2019","17.151","17.125","17.180","16.975","70.32K","0.02%"
"08/20/2019","17.148","16.870","17.170","16.830","72.36K","1.23%"
"08/19/2019","16.940","17.125","17.175","16.820","80.55K","-1.06%"
"08/16/2019","17.122","17.250","17.315","17.030","71.92K","-0.53%"
"08/15/2019","17.214","17.190","17.370","17.075","96.52K","-0.38%"
"08/14/2019","17.280","16.950","17.305","16.855","116.02K","1.74%"
"08/13/2019","16.985","17.060","17.490","16.510","182.99K","-0.50%"
"08/12/2019","17.071","16.965","17.150","16.800","83.99K","0.83%"
"08/09/2019","16.931","16.940","17.140","16.860","98.62K","-0.03%"
"08/08/2019","16.936","17.100","17.225","16.810","124.04K","-1.51%"
"08/07/2019","17.196","16.450","17.260","16.450","174.98K","4.57%"
"08/06/2019","16.445","16.440","16.530","16.365","71.82K","0.32%"
"08/05/2019","16.393","16.260","16.590","16.135","114.33K","0.76%"
"08/02/2019","16.270","16.355","16.385","16.030","100.15K","0.56%"
"08/01/2019","16.180","16.280","16.405","15.935","122.90K","-1.37%"
"07/31/2019","16.405","16.585","16.600","16.215","107.09K","-0.92%"
"07/30/2019","16.558","16.500","16.640","16.425","57.74K","0.72%"
"07/29/2019","16.440","16.420","16.500","16.360","62.06K","0.26%"
"07/26/2019","16.397","16.455","16.550","16.355","80.58K","-0.09%"
"07/25/2019","16.411","16.620","16.685","16.345","121.09K","-1.29%"
"07/24/2019","16.626","16.435","16.680","16.350","84.63K","0.91%"
"07/23/2019","16.476","16.380","16.575","16.205","111.41K","0.40%"
"07/22/2019","16.411","16.255","16.455","16.195","98.27K","1.33%"
"07/19/2019","16.195","16.385","16.625","16.080","173.87K","-0.02%"
"07/18/2019","16.198","16.005","16.385","15.960","149.09K","1.42%"
"07/17/2019","15.971","15.585","16.030","15.555","111.24K","1.87%"
"07/16/2019","15.678","15.415","15.735","15.340","128.87K","2.04%"
"07/15/2019","15.365","15.240","15.430","15.185","67.64K","0.85%"
"07/12/2019","15.236","15.135","15.270","15.070","49.16K","0.59%"
"07/11/2019","15.146","15.265","15.345","15.120","60.63K","-0.53%"
"07/10/2019","15.226","15.135","15.315","15.070","73.72K","0.52%"
"07/09/2019","15.147","15.035","15.155","14.965","49.64K","0.64%"
"07/08/2019","15.050","15.050","15.150","14.985","47.62K","0.33%"
"07/05/2019","15.001","15.365","15.370","14.915","109.25K","0.00%"
"07/04/2019","15.001","15.365","15.370","14.915","109.25K","-2.18%"
"07/03/2019","15.336","15.370","15.510","15.240","66.80K","0.64%"
"07/02/2019","15.238","15.160","15.365","15.070","71.31K","0.30%"
"07/01/2019","15.193","15.315","15.345","15.155","70.00K","-0.96%"
"06/28/2019","15.341","15.300","15.385","15.245","57.10K","0.31%"
"06/27/2019","15.294","15.340","15.355","15.205","74.82K","0.00%"
"06/26/2019","15.294","15.345","15.355","15.160","93.66K","-0.04%"
"06/25/2019","15.300","15.440","15.505","15.255","142.47K","-0.50%"
"06/24/2019","15.377","15.355","15.455","15.285","115.90K","0.57%"
"06/21/2019","15.290","15.465","15.555","15.155","143.03K","-1.30%"
"06/20/2019","15.492","15.170","15.520","15.120","203.97K","3.57%"
"06/19/2019","14.958","14.995","15.170","14.905","88.34K","-0.23%"
"06/18/2019","14.993","14.830","15.080","14.800","106.33K","1.11%"
"06/17/2019","14.829","14.840","14.890","14.755","64.27K","0.18%"
"06/14/2019","14.803","14.890","15.120","14.775","115.81K","-0.60%"
"06/13/2019","14.892","14.760","14.925","14.720","76.05K","0.94%"
"06/12/2019","14.753","14.725","14.860","14.710","71.98K","0.09%"
"06/11/2019","14.740","14.685","14.785","14.630","79.80K","0.69%"
"06/10/2019","14.639","15.005","15.010","14.625","94.69K","-2.61%"
"06/07/2019","15.031","14.890","15.150","14.840","104.80K","0.85%"
"06/06/2019","14.905","14.795","14.995","14.730","80.74K","0.77%"
"06/05/2019","14.791","14.815","15.040","14.755","132.02K","0.15%"
"06/04/2019","14.769","14.780","14.850","14.645","96.39K","0.20%"
"06/03/2019","14.740","14.575","14.825","14.565","112.12K","1.19%"
"05/31/2019","14.567","14.490","14.670","14.460","88.36K","0.52%"
"05/30/2019","14.491","14.390","14.555","14.340","58.64K","0.56%"
"05/29/2019","14.411","14.325","14.450","14.320","72.67K","0.64%"
"05/28/2019","14.320","14.545","14.610","14.265","105.61K","0.00%"
"05/27/2019","14.320","14.545","14.610","14.265","105.61K","-1.61%"
"05/24/2019","14.555","14.575","14.595","14.520","40.68K","-0.40%"
"05/23/2019","14.613","14.430","14.635","14.400","68.45K","1.14%"
"05/22/2019","14.449","14.425","14.480","14.370","36.91K","0.27%"
"05/21/2019","14.410","14.425","14.450","14.350","47.47K","-0.24%"
"05/20/2019","14.445","14.415","14.460","14.355","44.60K","0.40%"
"05/17/2019","14.388","14.545","14.545","14.380","63.19K","-1.04%"
"05/16/2019","14.539","14.790","14.825","14.515","69.18K","-1.84%"
"05/15/2019","14.812","14.805","14.865","14.765","43.23K","0.00%"
"05/14/2019","14.812","14.790","14.865","14.745","47.64K","0.24%"
"05/13/2019","14.777","14.760","14.815","14.615","63.99K","-0.09%"
"05/10/2019","14.790","14.800","14.850","14.740","45.82K","0.12%"
"05/09/2019","14.773","14.850","14.870","14.705","59.56K","-0.60%"
"05/08/2019","14.862","14.940","14.990","14.835","53.11K","-0.43%"
"05/07/2019","14.926","14.940","14.955","14.810","55.91K","-0.01%"
"05/06/2019","14.927","14.930","14.945","14.770","64.55K","-0.34%"
"05/03/2019","14.978","14.645","14.995","14.600","84.55K","2.47%"
"05/02/2019","14.617","14.710","14.735","14.570","64.59K","-0.76%"
"05/01/2019","14.729","14.960","14.965","14.620","85.72K","-1.70%"
"04/30/2019","14.984","14.980","15.040","14.835","62.08K","0.34%"
"04/29/2019","14.933","15.075","15.100","14.905","65.25K","-1.03%"
"04/26/2019","15.088","14.995","15.120","14.925","52.26K","1.40%"
"04/25/2019","14.879","14.880","14.975","14.815","68.61K","-0.25%"
"04/24/2019","14.916","14.770","14.960","14.740","84.04K","0.85%"
"04/23/2019","14.791","14.985","14.995","14.700","86.03K","-1.23%"
"04/22/2019","14.975","14.985","15.040","14.945","46.63K","0.13%"
"04/18/2019","14.955","14.935","14.990","14.895","59.16K","0.11%"
"04/17/2019","14.939","14.960","15.055","14.880","78.51K","0.16%"
"04/16/2019","14.915","14.950","14.970","14.830","71.05K","-0.40%"
"04/15/2019","14.975","14.925","14.990","14.795","76.16K","0.08%"
"04/12/2019","14.963","14.940","15.065","14.900","70.74K","0.65%"
"04/11/2019","14.867","15.190","15.215","14.845","106.24K","-2.47%"
"04/10/2019","15.244","15.185","15.265","15.115","63.27K","0.22%"
"04/09/2019","15.211","15.225","15.310","15.180","61.10K","-0.03%"
"04/08/2019","15.216","15.110","15.275","15.090","55.23K","0.86%"
"04/05/2019","15.086","15.110","15.180","15.040","66.86K","0.01%"
"04/04/2019","15.084","15.125","15.150","14.860","74.19K","-0.12%"
"04/03/2019","15.102","15.090","15.160","15.000","59.92K","0.27%"
"04/02/2019","15.061","15.075","15.090","14.905","69.93K","-0.25%"
"04/01/2019","15.099","15.090","15.190","15.030","66.02K","-0.07%"
"03/29/2019","15.110","15.015","15.180","14.950","72.20K","0.91%"
"03/28/2019","14.973","15.290","15.315","14.955","86.59K","-2.12%"
"03/27/2019","15.298","15.460","15.475","15.255","58.95K","-0.85%"
"03/26/2019","15.429","15.530","15.560","15.390","53.10K","-0.89%"
"03/25/2019","15.567","15.410","15.590","15.400","50.18K","1.04%"
"03/22/2019","15.407","15.465","15.550","15.365","53.66K","-0.19%"
"03/21/2019","15.437","15.540","15.650","15.380","72.41K","0.78%"
"03/20/2019","15.318","15.345","15.565","15.265","65.90K","-0.35%"
"03/19/2019","15.372","15.350","15.450","15.320","39.61K","0.33%"
"03/18/2019","15.322","15.245","15.425","15.220","44.45K","-0.01%"
"03/15/2019","15.324","15.185","15.390","15.175","58.86K","1.01%"
"03/14/2019","15.171","15.440","15.450","15.135","69.84K","-1.84%"
"03/13/2019","15.456","15.480","15.550","15.435","46.36K","0.28%"
"03/12/2019","15.413","15.325","15.490","15.320","53.98K","0.91%"
"03/11/2019","15.274","15.350","15.365","15.225","47.79K","-0.49%"
"03/08/2019","15.349","15.040","15.385","15.035","73.17K","2.05%"
"03/07/2019","15.040","15.115","15.130","14.985","61.27K","-0.30%"
"03/06/2019","15.085","15.135","15.175","15.055","56.77K","-0.13%"
"03/05/2019","15.105","15.125","15.175","15.060","67.84K","0.00%"
"03/04/2019","15.105","15.270","15.295","15.075","90.70K","-0.99%"
"03/01/2019","15.256","15.655","15.655","15.165","102.86K","-2.42%"
"02/28/2019","15.634","15.765","15.860","15.605","65.41K","-0.84%"
"02/27/2019","15.766","15.970","16.010","15.735","69.16K","-0.42%"
"02/26/2019","15.832","15.855","15.890","15.740","60.81K","0.01%"
"02/25/2019","15.830","15.920","15.960","15.805","66.89K","-0.53%"
"02/22/2019","15.914","15.770","15.935","15.770","68.14K","0.72%"
"02/21/2019","15.801","15.970","16.015","15.750","101.00K","-2.32%"
"02/20/2019","16.177","16.035","16.195","15.965","114.10K","1.02%"
"02/19/2019","16.013","15.820","16.020","15.790","0.18K","0.29%"
"02/18/2019","15.967","15.785","15.980","15.715","115.09K","1.42%"
"02/15/2019","15.743","15.540","15.775","15.525","71.50K","1.38%"
"02/14/2019","15.528","15.585","15.650","15.445","80.46K","-0.79%"
"02/13/2019","15.652","15.715","15.800","15.520","77.48K","-0.24%"
"02/12/2019","15.690","15.690","15.820","15.650","60.67K","-0.32%"
"02/11/2019","15.740","15.860","15.875","15.750","0.01K","-0.44%"
"02/08/2019","15.809","15.690","15.860","15.650","52.06K","0.61%"
"02/07/2019","15.713","15.650","15.750","15.635","58.37K","0.08%"
"02/06/2019","15.701","15.825","15.860","15.640","53.18K","-0.85%"
"02/05/2019","15.836","15.880","15.930","15.815","44.22K","-0.31%"
"02/04/2019","15.886","15.865","15.920","15.685","60.37K","-0.28%"
"02/01/2019","15.931","16.005","16.075","15.900","69.77K","-0.88%"
"01/31/2019","16.072","16.030","16.200","16.005","80.26K","0.91%"
"01/30/2019","15.927","15.895","16.120","15.860","80.54K","0.56%"
"01/29/2019","15.839","15.740","15.925","15.725","60.00K","0.47%"
"01/28/2019","15.765","15.785","15.830","15.610","57.72K","0.42%"
"01/25/2019","15.699","15.305","15.765","15.300","80.95K","2.61%"
"01/24/2019","15.300","15.385","15.385","15.245","47.64K","-0.52%"
"01/23/2019","15.380","15.380","15.445","15.275","56.86K","0.36%"
"01/22/2019","15.325","15.375","15.385","15.195","82.30K","0.00%"
"01/21/2019","15.325","15.365","15.375","15.195","82.30K","-0.48%"
"01/18/2019","15.399","15.545","15.605","15.350","55.59K","-0.88%"
"01/17/2019","15.536","15.625","15.635","15.480","54.25K","-0.65%"
"01/16/2019","15.638","15.610","15.685","15.520","49.14K","0.12%"
"01/15/2019","15.620","15.715","15.735","15.575","61.68K","-0.42%"
"01/14/2019","15.686","15.680","15.700","15.585","48.11K","0.19%"
"01/11/2019","15.656","15.685","15.780","15.590","65.33K","0.08%"
"01/10/2019","15.643","15.745","15.830","15.585","63.41K","-0.58%"
"01/09/2019","15.735","15.725","15.825","15.630","78.69K","0.14%"
"01/08/2019","15.713","15.670","15.740","15.560","64.41K","-0.27%"
"01/07/2019","15.756","15.825","15.880","15.680","54.18K","-0.19%"
"01/04/2019","15.786","15.880","15.910","15.645","99.94K","-0.07%"
"01/03/2019","15.797","15.650","15.815","15.590","90.48K","0.95%"
"01/02/2019","15.649","15.550","15.680","15.385","89.23K","0.70%"
"12/31/2018","15.540","15.430","15.575","15.415","53.73K","0.67%"
"12/28/2018","15.436","15.340","15.460","15.305","60.78K","0.82%"
"12/27/2018","15.310","15.065","15.335","15.005","78.86K","1.24%"
"12/26/2018","15.123","14.875","15.250","14.780","76.66K","2.04%"
"12/24/2018","14.820","14.740","14.875","14.725","30.11K","0.80%"
"12/21/2018","14.702","14.840","14.845","14.665","52.33K","-1.12%"
"12/20/2018","14.869","14.665","14.915","14.620","76.60K","0.34%"
"12/19/2018","14.818","14.725","14.900","14.615","70.30K","0.80%"
"12/18/2018","14.701","14.745","14.790","14.680","45.55K","-0.39%"
"12/17/2018","14.759","14.635","14.775","14.620","42.58K","0.83%"
"12/14/2018","14.637","14.795","14.795","14.560","66.41K","-1.47%"
"12/13/2018","14.855","14.845","14.900","14.765","50.19K","0.03%"
"12/12/2018","14.851","14.710","14.895","14.630","65.80K","1.52%"
"12/11/2018","14.628","14.645","14.820","14.605","75.44K","0.16%"
"12/10/2018","14.605","14.700","14.720","14.565","53.62K","-0.62%"
"12/07/2018","14.696","14.520","14.735","14.510","65.07K","1.29%"
"12/06/2018","14.509","14.565","14.570","14.415","64.48K","-0.50%"
"12/05/2018","14.582","14.560","14.615","14.490","32.86K","-0.40%"
"12/04/2018","14.640","14.530","14.745","14.505","76.61K","0.97%"
"12/03/2018","14.499","14.345","14.645","14.345","96.84K","1.98%"
"11/30/2018","14.217","14.375","14.410","14.115","78.67K","-1.28%"
"11/29/2018","14.402","14.420","14.470","14.340","78.09K","0.54%"
"11/28/2018","14.325","14.105","14.360","14.070","84.40K","1.71%"
"11/27/2018","14.084","14.205","14.265","14.050","84.45K","-0.85%"
"11/26/2018","14.205","14.290","14.415","14.180","82.24K","-0.57%"
"11/23/2018","14.287","14.515","14.555","14.205","0.41K","0.31%"
"11/22/2018","14.243","14.460","14.485","14.165","101.36K","-1.79%"
"11/21/2018","14.502","14.325","14.540","14.260","77.88K","1.63%"
"11/20/2018","14.269","14.410","14.475","14.205","102.45K","-0.93%"
"11/19/2018","14.403","14.400","14.420","14.325","63.19K","0.15%"
"11/16/2018","14.382","14.270","14.400","14.215","79.03K","0.83%"
"11/15/2018","14.263","14.100","14.325","14.070","79.83K","1.30%"
"11/14/2018","14.080","13.970","14.170","13.860","93.28K","0.74%"
"11/13/2018","13.977","13.975","14.105","13.920","90.15K","-0.24%"
"11/12/2018","14.011","14.150","14.180","13.955","72.08K","-0.91%"
"11/09/2018","14.140","14.420","14.425","14.080","116.98K","-1.96%"
"11/08/2018","14.423","14.570","14.575","14.365","91.31K","-1.00%"
"11/07/2018","14.569","14.540","14.730","14.475","83.28K","0.48%"
"11/06/2018","14.500","14.660","14.715","14.480","69.78K","-1.00%"
"11/05/2018","14.647","14.740","14.775","14.595","67.84K","-0.74%"
"11/02/2018","14.756","14.780","14.920","14.655","106.74K","-0.14%"
"11/01/2018","14.777","14.260","14.830","14.255","121.88K","3.47%"
"10/31/2018","14.282","14.480","14.490","14.240","79.22K","-1.24%"
"10/30/2018","14.462","14.470","14.530","14.375","76.30K","0.14%"
"10/29/2018","14.442","14.720","14.780","14.405","93.78K","-1.76%"
"10/26/2018","14.700","14.660","14.795","14.595","84.75K","0.48%"
"10/25/2018","14.630","14.720","14.800","14.610","70.47K","-0.31%"
"10/24/2018","14.676","14.775","14.830","14.660","64.15K","-0.79%"
"10/23/2018","14.793","14.585","14.840","14.540","86.18K","1.41%"
"10/22/2018","14.587","14.650","14.715","14.540","57.81K","-0.43%"
"10/19/2018","14.650","14.600","14.740","14.580","57.03K","0.31%"
"10/18/2018","14.604","14.625","14.680","14.470","76.14K","-0.40%"
"10/17/2018","14.663","14.675","14.760","14.615","59.83K","-0.26%"
"10/16/2018","14.701","14.725","14.880","14.640","67.28K","-0.18%"
"10/15/2018","14.727","14.625","14.805","14.615","64.04K","0.63%"
"10/12/2018","14.635","14.620","14.735","14.540","70.70K","0.20%"
"10/11/2018","14.606","14.335","14.650","14.275","97.85K","1.95%"
"10/10/2018","14.326","14.420","14.455","14.255","61.50K","-0.51%"
"10/09/2018","14.400","14.420","14.470","14.285","65.02K","0.50%"
"10/08/2018","14.329","14.665","14.700","14.285","88.56K","-2.18%"
"10/05/2018","14.649","14.620","14.750","14.540","61.93K","0.40%"
"10/04/2018","14.590","14.665","14.805","14.560","77.16K","-0.55%"
"10/03/2018","14.670","14.730","14.855","14.650","66.41K","-0.16%"
"10/02/2018","14.693","14.535","14.950","14.470","106.11K","1.28%"
"10/01/2018","14.507","14.725","14.725","14.395","84.97K","-1.39%"
"09/28/2018","14.712","14.270","14.755","14.255","117.07K","2.95%"
"09/27/2018","14.290","14.375","14.480","14.195","87.46K","-0.77%"
"09/26/2018","14.401","14.500","14.545","14.340","88.58K","-0.63%"
"09/25/2018","14.493","14.295","14.595","14.250","97.95K","1.06%"
"09/24/2018","14.341","14.325","14.420","14.220","65.87K","-0.13%"
"09/21/2018","14.359","14.350","14.465","14.180","103.37K","0.38%"
"09/20/2018","14.305","14.285","14.385","14.210","87.10K","0.18%"
"09/19/2018","14.280","14.185","14.375","14.175","79.41K","0.67%"
"09/18/2018","14.185","14.230","14.265","14.105","69.08K","-0.27%"
"09/17/2018","14.223","14.095","14.285","14.065","56.91K","0.57%"
"09/14/2018","14.142","14.215","14.315","14.070","66.73K","-0.72%"
"09/13/2018","14.244","14.295","14.390","14.190","82.53K","-0.34%"
"09/12/2018","14.293","14.160","14.315","14.105","83.95K","0.99%"
"09/11/2018","14.153","14.200","14.265","13.965","81.31K","-0.20%"
"09/10/2018","14.181","14.160","14.285","14.110","54.12K","0.08%"
"09/07/2018","14.170","14.190","14.290","14.105","81.29K","-0.08%"
"09/06/2018","14.181","14.220","14.340","14.130","72.88K","-0.27%"
"09/05/2018","14.220","14.190","14.265","14.125","67.29K","0.53%"
"09/04/2018","14.145","14.480","14.480","14.080","0.03K","-0.25%"
"09/03/2018","14.180","14.540","14.550","14.035","141.42K","-2.59%"
"08/31/2018","14.557","14.595","14.760","14.525","62.90K","-0.25%"
"08/30/2018","14.594","14.780","14.825","14.545","81.13K","-0.70%"
"08/29/2018","14.697","14.650","14.725","14.585","68.75K","-0.52%"
"08/28/2018","14.774","14.860","14.950","14.605","95.48K","-0.57%"
"08/27/2018","14.859","14.820","14.885","14.715","70.95K","0.44%"
"08/24/2018","14.794","14.465","14.855","14.450","97.52K","1.73%"
"08/23/2018","14.542","14.750","14.750","14.450","92.20K","-1.41%"
"08/22/2018","14.750","14.770","14.875","14.670","97.02K","-0.11%"
"08/21/2018","14.766","14.735","14.830","14.700","69.40K","0.65%"
"08/20/2018","14.670","14.725","14.830","14.625","71.91K","0.27%"
"08/17/2018","14.631","14.635","14.800","14.575","75.07K","-0.56%"
"08/16/2018","14.713","14.455","14.825","14.315","111.78K","1.79%"
"08/15/2018","14.454","15.060","15.070","14.345","142.15K","-3.98%"
"08/14/2018","15.053","14.980","15.105","14.975","66.78K","0.47%"
"08/13/2018","14.982","15.300","15.345","14.970","104.73K","-2.05%"
"08/10/2018","15.295","15.460","15.465","15.290","83.08K","-1.08%"
"08/09/2018","15.462","15.440","15.525","15.380","63.86K","0.19%"
"08/08/2018","15.432","15.380","15.470","15.290","59.94K","0.38%"
"08/07/2018","15.373","15.305","15.505","15.305","61.17K","0.16%"
"08/06/2018","15.348","15.445","15.505","15.290","52.41K","-0.74%"
"08/03/2018","15.462","15.310","15.575","15.250","73.62K","0.50%"
"08/02/2018","15.385","15.405","15.490","15.300","62.23K","-0.43%"
"08/01/2018","15.452","15.535","15.560","15.390","58.31K","-0.69%"
"07/31/2018","15.559","15.510","15.635","15.380","75.39K","0.14%"
"07/30/2018","15.537","15.460","15.565","15.415","42.34K","0.28%"
"07/27/2018","15.493","15.400","15.570","15.345","59.41K","-0.01%"
"07/26/2018","15.495","15.620","15.700","15.390","56.67K","-0.60%"
"07/25/2018","15.589","15.480","15.655","15.470","60.42K","0.44%"
"07/24/2018","15.520","15.395","15.630","15.340","70.89K","0.62%"
"07/23/2018","15.425","15.540","15.580","15.350","61.39K","-0.80%"
"07/20/2018","15.549","15.330","15.565","15.250","81.07K","0.95%"
"07/19/2018","15.402","15.565","15.590","15.185","103.53K","-1.10%"
"07/18/2018","15.574","15.585","15.625","15.410","71.77K","-0.28%"
"07/17/2018","15.617","15.800","15.885","15.560","80.89K","-1.23%"
"07/16/2018","15.812","15.805","15.900","15.765","47.30K","-0.02%"
"07/13/2018","15.815","15.980","16.015","15.700","78.40K","-1.01%"
"07/12/2018","15.977","15.825","16.025","15.780","64.14K","1.01%"
"07/11/2018","15.817","16.105","16.110","15.805","86.97K","-1.68%"
"07/10/2018","16.087","16.150","16.200","15.920","68.89K","-0.32%"
"07/09/2018","16.139","16.065","16.260","16.055","62.14K","0.44%"
"07/06/2018","16.069","16.065","16.190","15.985","58.13K","-0.17%"
"07/05/2018","16.097","16.060","16.195","15.970","89.47K","0.00%"
"07/04/2018","16.097","16.130","16.145","15.970","89.47K","0.34%"
"07/03/2018","16.043","15.880","16.085","15.815","72.28K","1.31%"
"07/02/2018","15.835","16.145","16.180","15.800","82.70K","-2.24%"
"06/29/2018","16.198","16.050","16.220","16.000","70.39K","0.98%"
"06/28/2018","16.041","16.125","16.185","15.965","109.59K","-0.68%"
"06/27/2018","16.151","16.280","16.295","15.945","96.14K","-0.61%"
"06/26/2018","16.250","16.320","16.350","16.140","84.54K","-0.48%"
"06/25/2018","16.328","16.445","16.485","16.290","72.14K","-0.80%"
"06/22/2018","16.459","16.310","16.485","16.310","73.07K","0.81%"
"06/21/2018","16.326","16.290","16.360","16.190","84.59K","0.10%"
"06/20/2018","16.309","16.305","16.370","16.250","72.54K","-0.09%"
"06/19/2018","16.323","16.470","16.550","16.240","117.42K","-0.71%"
"06/18/2018","16.440","16.550","16.635","16.425","77.78K","-0.24%"
"06/15/2018","16.480","17.075","17.350","16.460","173.55K","-4.53%"
"06/14/2018","17.262","17.075","17.350","16.965","143.01K","1.59%"
"06/13/2018","16.991","16.875","17.145","16.825","109.68K","0.59%"
"06/12/2018","16.891","16.960","16.980","16.775","80.92K","-0.36%"
"06/11/2018","16.952","16.805","16.975","16.770","79.70K","1.26%"
"06/08/2018","16.741","16.745","16.860","16.645","73.29K","-0.44%"
"06/07/2018","16.815","16.710","16.935","16.670","123.78K","0.72%"
"06/06/2018","16.694","16.505","16.765","16.505","116.38K","0.91%"
"06/05/2018","16.543","16.440","16.550","16.370","77.13K","0.68%"
"06/04/2018","16.431","16.420","16.560","16.380","55.72K","-0.06%"
"06/01/2018","16.441","16.430","16.515","16.335","72.77K","-0.10%"
"05/31/2018","16.458","16.525","16.615","16.410","74.06K","-0.52%"
"05/30/2018","16.544","16.375","16.580","16.325","65.13K","1.04%"
"05/29/2018","16.373","16.530","16.530","16.310","104.49K","0.00%"
"05/28/2018","16.373","16.480","16.515","16.310","104.49K","-1.05%"
"05/25/2018","16.546","16.690","16.740","16.500","72.71K","-0.84%"
"05/24/2018","16.687","16.475","16.715","16.420","91.02K","1.72%"
"05/23/2018","16.405","16.555","16.600","16.330","89.46K","-1.03%"
"05/22/2018","16.575","16.530","16.700","16.465","73.53K","0.33%"
"05/21/2018","16.520","16.430","16.535","16.280","63.89K","0.40%"
"05/18/2018","16.455","16.440","16.485","16.370","44.05K","-0.16%"
"05/17/2018","16.481","16.385","16.505","16.335","65.79K","0.67%"
"05/16/2018","16.371","16.285","16.435","16.190","63.08K","0.63%"
"05/15/2018","16.269","16.540","16.565","16.205","94.15K","-2.26%"
"05/14/2018","16.645","16.700","16.760","16.515","54.34K","-0.64%"
"05/11/2018","16.752","16.760","16.865","16.670","58.62K","-0.04%"
"05/10/2018","16.759","16.520","16.790","16.500","86.18K","1.33%"
"05/09/2018","16.539","16.510","16.655","16.375","73.20K","0.41%"
"05/08/2018","16.472","16.505","16.550","16.335","76.50K","-0.14%"
"05/07/2018","16.495","16.550","16.600","16.430","42.53K","-0.15%"
"05/04/2018","16.519","16.455","16.560","16.390","47.81K","0.44%"
"05/03/2018","16.447","16.405","16.620","16.385","68.26K","0.44%"
"05/02/2018","16.375","16.190","16.565","16.175","100.22K","1.54%"
"05/01/2018","16.127","16.345","16.370","16.070","83.17K","-1.67%"
"04/30/2018","16.401","16.555","16.580","16.225","72.62K","-0.58%"
"04/27/2018","16.497","16.565","16.610","16.480","65.08K","0.04%"
"04/26/2018","16.491","16.540","16.580","16.385","69.51K","-0.07%"
"04/25/2018","16.502","16.700","16.710","16.475","81.37K","-1.20%"
"04/24/2018","16.703","16.620","16.735","16.530","119.14K","0.70%"
"04/23/2018","16.587","17.135","17.135","16.580","143.53K","-3.36%"
"04/20/2018","17.163","17.235","17.260","17.040","95.70K","-0.44%"
"04/19/2018","17.239","17.215","17.360","17.090","141.09K","-0.05%"
"04/18/2018","17.248","16.785","17.275","16.730","176.55K","2.75%"
"04/17/2018","16.787","16.670","16.805","16.575","89.71K","0.66%"
"04/16/2018","16.677","16.655","16.770","16.545","76.46K","0.11%"
"04/13/2018","16.658","16.460","16.680","16.445","65.17K","1.12%"
"04/12/2018","16.473","16.665","16.690","16.430","106.20K","-1.76%"
"04/11/2018","16.768","16.560","16.890","16.515","141.79K","1.04%"
"04/10/2018","16.596","16.485","16.640","16.410","93.60K","0.41%"
"04/09/2018","16.529","16.420","16.540","16.295","74.34K","1.02%"
"04/06/2018","16.362","16.355","16.475","16.240","84.72K","0.04%"
"04/05/2018","16.355","16.290","16.395","16.150","76.78K","0.62%"
"04/04/2018","16.254","16.400","16.515","16.220","100.82K","-0.84%"
"04/03/2018","16.392","16.590","16.605","16.340","87.05K","-1.68%"
"04/02/2018","16.672","16.300","16.680","16.300","79.43K","2.48%"
"03/29/2018","16.268","16.280","16.340","16.195","76.95K","0.09%"
"03/28/2018","16.253","16.515","16.560","16.220","95.08K","-1.74%"
"03/27/2018","16.541","16.690","16.810","16.465","98.53K","-0.86%"
"03/26/2018","16.684","16.560","16.795","16.525","81.05K","0.62%"
"03/23/2018","16.582","16.375","16.675","16.375","98.38K","1.19%"
"03/22/2018","16.387","16.565","16.610","16.330","81.21K","-0.19%"
"03/21/2018","16.419","16.165","16.665","16.155","111.65K","1.45%"
"03/20/2018","16.185","16.310","16.340","16.100","69.86K","-0.86%"
"03/19/2018","16.325","16.305","16.345","16.200","65.29K","0.33%"
"03/16/2018","16.272","16.385","16.495","16.205","73.37K","-0.91%"
"03/15/2018","16.422","16.530","16.580","16.370","71.44K","-0.70%"
"03/14/2018","16.537","16.595","16.670","16.515","59.93K","-0.54%"
"03/13/2018","16.627","16.535","16.690","16.465","70.99K","0.55%"
"03/12/2018","16.536","16.605","16.635","16.430","50.51K","-0.43%"
"03/09/2018","16.608","16.510","16.710","16.330","91.56K","0.65%"
"03/08/2018","16.500","16.505","16.575","16.430","67.64K","0.04%"
"03/07/2018","16.494","16.810","16.890","16.435","93.85K","-1.73%"
"03/06/2018","16.784","16.420","16.895","16.410","99.50K","2.27%"
"03/05/2018","16.412","16.530","16.620","16.370","55.30K","-0.33%"
"03/02/2018","16.466","16.495","16.595","16.400","73.63K","1.17%"
"03/01/2018","16.276","16.430","16.565","16.160","100.44K","-0.80%"
"02/28/2018","16.407","16.440","16.520","16.360","58.94K","-0.16%"
"02/27/2018","16.434","16.665","16.720","16.340","102.32K","-0.70%"
"02/26/2018","16.550","16.470","16.720","16.430","68.12K","0.40%"
"02/23/2018","16.484","16.590","16.605","16.465","55.04K","-0.62%"
"02/22/2018","16.587","16.475","16.665","16.365","78.53K","-0.18%"
"02/21/2018","16.617","16.420","16.745","16.340","91.97K","0.84%"
"02/20/2018","16.478","16.675","16.685","16.435","0.19K","0.24%"
"02/19/2018","16.438","16.600","16.690","16.385","113.72K","-1.64%"
"02/16/2018","16.712","16.835","16.915","16.575","79.07K","-0.50%"
"02/15/2018","16.796","16.830","16.950","16.605","81.01K","-0.49%"
"02/14/2018","16.878","16.525","16.905","16.325","105.02K","2.12%"
"02/13/2018","16.528","16.515","16.645","16.410","72.46K","-0.25%"
"02/12/2018","16.570","16.295","16.580","16.280","80.18K","2.67%"
"02/09/2018","16.139","16.340","16.405","16.130","90.66K","-1.24%"
"02/08/2018","16.341","16.350","16.425","16.190","99.84K","0.63%"
"02/07/2018","16.238","16.590","16.730","16.210","118.22K","-2.06%"
"02/06/2018","16.580","16.710","16.955","16.540","100.24K","-0.55%"
"02/05/2018","16.671","16.610","16.865","16.510","94.88K","-0.23%"
"02/02/2018","16.709","17.180","17.225","16.520","135.34K","-2.60%"
"02/01/2018","17.155","17.295","17.375","17.070","87.76K","-0.50%"
"01/31/2018","17.241","17.105","17.375","17.065","102.77K","1.07%"
"01/30/2018","17.058","17.140","17.310","17.040","82.04K","-0.40%"
"01/29/2018","17.127","17.420","17.470","17.085","86.26K","-1.80%"
"01/26/2018","17.441","17.290","17.530","17.235","81.60K","-0.99%"
"01/25/2018","17.615","17.555","17.705","17.125","132.61K","0.72%"
"01/24/2018","17.489","17.040","17.625","16.985","122.20K","3.41%"
"01/23/2018","16.913","16.990","17.090","16.735","89.80K","-0.45%"
"01/22/2018","16.989","17.045","17.105","16.945","55.13K","-0.28%"
"01/19/2018","17.036","16.960","17.130","16.960","59.28K","0.48%"
"01/18/2018","16.954","16.990","17.140","16.915","91.13K","-1.23%"
"01/17/2018","17.166","17.210","17.310","16.980","101.59K","-0.13%"
"01/16/2018","17.189","17.235","17.450","16.800","178.83K","0.00%"
"01/15/2018","17.189","17.235","17.450","16.800","178.83K","0.28%"
"01/12/2018","17.141","17.000","17.300","16.995","117.34K","1.03%"
"01/11/2018","16.966","17.000","17.065","16.880","111.34K","-0.41%"
"01/10/2018","17.035","16.985","17.220","16.930","112.06K","0.15%"
"01/09/2018","17.010","17.160","17.170","16.945","93.76K","-0.78%"
"01/08/2018","17.144","17.270","17.300","17.065","85.87K","-0.82%"
"01/05/2018","17.285","17.265","17.325","17.130","85.39K","0.09%"
"01/04/2018","17.269","17.155","17.320","17.025","96.73K","0.01%"
"01/03/2018","17.267","17.225","17.285","17.065","91.81K","0.35%"
"01/02/2018","17.206","17.035","17.250","16.985","78.64K","0.36%"
"12/29/2017","17.145","16.905","17.175","16.865","74.52K","1.31%"
"12/28/2017","16.923","16.745","16.930","16.710","63.44K","1.00%"
"12/27/2017","16.756","16.610","16.785","16.555","58.14K","0.92%"
"12/26/2017","16.604","16.445","16.640","16.365","42.30K","0.97%"
"12/22/2017","16.444","16.180","16.485","16.165","52.82K","1.26%"
"12/21/2017","16.239","16.235","16.305","16.140","46.18K","-0.22%"
"12/20/2017","16.275","16.170","16.320","16.150","57.40K","0.76%"
"12/19/2017","16.153","16.180","16.260","16.095","55.05K","-0.32%"
"12/18/2017","16.205","16.085","16.215","16.050","47.26K","0.88%"
"12/15/2017","16.063","15.920","16.120","15.915","59.07K","0.81%"
"12/14/2017","15.934","16.100","16.150","15.855","72.92K","0.41%"
"12/13/2017","15.869","15.740","16.180","15.685","84.81K","1.28%"
"12/12/2017","15.668","15.730","15.830","15.635","64.63K","-0.74%"
"12/11/2017","15.785","15.845","15.905","15.700","57.10K","-0.24%"
"12/08/2017","15.823","15.745","15.910","15.720","75.62K","0.13%"
"12/07/2017","15.802","15.970","16.005","15.660","76.25K","-0.96%"
"12/06/2017","15.955","16.135","16.170","15.935","71.28K","-0.70%"
"12/05/2017","16.068","16.340","16.380","16.040","85.98K","-1.86%"
"12/04/2017","16.373","16.370","16.455","16.265","71.48K","-0.09%"
"12/01/2017","16.388","16.455","16.585","16.265","99.98K","-0.52%"
"11/30/2017","16.474","16.585","16.625","16.345","93.59K","-0.53%"
"11/29/2017","16.561","16.920","16.965","16.555","112.60K","-1.55%"
"11/28/2017","16.822","17.020","17.080","16.720","96.96K","-1.16%"
"11/27/2017","17.020","17.020","17.170","16.980","80.44K","-0.01%"
"11/24/2017","17.022","17.145","17.145","16.995","0.42K","0.18%"
"11/23/2017","16.992","17.120","17.135","16.940","88.82K","-0.70%"
"11/22/2017","17.112","16.950","17.150","16.925","84.42K","0.90%"
"11/21/2017","16.960","16.900","17.035","16.885","81.66K","0.70%"
"11/20/2017","16.842","17.335","17.335","16.820","141.90K","-3.06%"
"11/17/2017","17.373","17.080","17.385","17.020","101.84K","1.76%"
"11/16/2017","17.072","16.975","17.125","16.945","74.47K","0.60%"
"11/15/2017","16.971","17.025","17.205","16.940","103.79K","-0.60%"
"11/14/2017","17.073","17.060","17.095","16.860","74.76K","0.15%"
"11/13/2017","17.047","16.860","17.070","16.820","71.77K","1.04%"
"11/10/2017","16.871","16.995","17.095","16.785","92.24K","-0.61%"
"11/09/2017","16.975","17.060","17.145","16.910","101.13K","-0.95%"
"11/08/2017","17.138","16.950","17.265","16.950","91.20K","1.17%"
"11/07/2017","16.940","17.230","17.240","16.920","94.39K","-1.71%"
"11/06/2017","17.235","16.835","17.270","16.795","100.58K","2.38%"
"11/03/2017","16.834","17.125","17.195","16.770","106.70K","-1.77%"
"11/02/2017","17.137","17.150","17.255","17.050","103.69K","-0.23%"
"11/01/2017","17.176","16.710","17.210","16.670","122.16K","2.89%"
"10/31/2017","16.693","16.865","16.910","16.645","70.53K","-0.91%"
"10/30/2017","16.847","16.850","16.900","16.690","62.11K","0.57%"
"10/27/2017","16.752","16.800","16.870","16.600","104.87K","-0.35%"
"10/26/2017","16.811","16.960","17.045","16.755","90.88K","-0.67%"
"10/25/2017","16.925","16.960","17.050","16.810","92.34K","-0.24%"
"10/24/2017","16.966","17.100","17.170","16.890","86.62K","-0.64%"
"10/23/2017","17.075","17.035","17.130","16.870","90.65K","-0.02%"
"10/20/2017","17.078","17.275","17.315","16.945","98.34K","-1.03%"
"10/19/2017","17.255","17.015","17.315","16.930","107.47K","1.52%"
"10/18/2017","16.997","17.045","17.120","16.920","69.76K","-0.26%"
"10/17/2017","17.041","17.260","17.280","16.985","89.38K","-1.89%"
"10/16/2017","17.369","17.425","17.495","17.135","77.74K","-0.24%"
"10/13/2017","17.411","17.275","17.450","17.200","78.07K","0.84%"
"10/12/2017","17.266","17.190","17.290","17.135","59.84K","0.78%"
"10/11/2017","17.133","17.150","17.265","17.085","65.77K","-0.43%"
"10/10/2017","17.207","16.990","17.280","16.960","89.44K","1.39%"
"10/09/2017","16.971","16.850","17.030","16.765","55.69K","1.08%"
"10/06/2017","16.790","16.610","16.890","16.345","104.60K","0.91%"
"10/05/2017","16.638","16.620","16.770","16.590","53.46K","0.08%"
"10/04/2017","16.624","16.665","16.920","16.555","72.04K","-0.16%"
"10/03/2017","16.650","16.605","16.690","16.570","48.23K","-0.02%"
"10/02/2017","16.654","16.670","16.750","16.565","63.04K","-0.13%"
"09/29/2017","16.676","16.900","16.905","16.640","71.45K","-1.02%"
"09/28/2017","16.847","16.780","16.925","16.705","68.13K","0.12%"
"09/27/2017","16.827","16.870","16.940","16.750","84.70K","-0.33%"
"09/26/2017","16.883","17.200","17.295","16.815","88.63K","-1.54%"
"09/25/2017","17.147","17.030","17.225","16.870","89.51K","0.96%"
"09/22/2017","16.984","17.035","17.100","16.940","53.77K","-0.20%"
"09/21/2017","17.018","17.225","17.225","16.865","87.13K","-1.82%"
"09/20/2017","17.334","17.345","17.445","17.010","81.01K","0.32%"
"09/19/2017","17.279","17.245","17.375","17.160","69.53K","0.72%"
"09/18/2017","17.156","17.655","17.675","17.110","86.39K","-3.08%"
"09/15/2017","17.701","17.845","17.915","17.630","74.83K","-0.49%"
"09/14/2017","17.789","17.845","17.865","17.660","85.70K","-0.44%"
"09/13/2017","17.867","17.970","18.125","17.725","81.84K","-0.13%"
"09/12/2017","17.890","17.885","17.975","17.785","62.46K","-0.07%"
"09/11/2017","17.902","17.920","17.990","17.770","79.83K","-1.22%"
"09/08/2017","18.123","18.205","18.290","17.965","85.95K","0.04%"
"09/07/2017","18.116","17.950","18.225","17.865","89.91K","1.15%"
"09/06/2017","17.910","17.980","18.070","17.885","72.63K","0.02%"
"09/05/2017","17.906","17.855","18.020","17.855","0.06K","-0.20%"
"09/04/2017","17.941","17.880","18.090","17.835","101.15K","0.70%"
"09/01/2017","17.816","17.660","17.825","17.505","81.51K","1.37%"
"08/31/2017","17.575","17.510","17.695","17.340","88.59K","0.41%"
"08/30/2017","17.503","17.440","17.555","17.370","84.98K","0.44%"
"08/29/2017","17.426","17.540","17.665","17.255","115.11K","-0.09%"
"08/28/2017","17.441","17.055","17.480","17.020","99.64K","2.30%"
"08/25/2017","17.049","16.955","17.180","16.715","117.11K","0.51%"
"08/24/2017","16.963","17.085","17.100","16.815","109.37K","-0.49%"
"08/23/2017","17.046","16.980","17.105","16.910","80.19K","0.38%"
"08/22/2017","16.982","17.005","17.115","16.870","88.51K","-0.19%"
"08/21/2017","17.015","16.935","17.120","16.830","90.12K","0.09%"
"08/18/2017","17.000","17.035","17.320","16.850","113.50K","-0.31%"
"08/17/2017","17.053","17.120","17.175","16.965","98.94K","0.67%"
"08/16/2017","16.940","16.640","17.130","16.610","99.91K","1.35%"
"08/15/2017","16.714","17.060","17.065","16.560","98.50K","-2.38%"
"08/14/2017","17.122","17.130","17.215","16.925","73.47K","0.30%"
"08/11/2017","17.070","17.125","17.195","16.880","94.48K","0.03%"
"08/10/2017","17.065","16.940","17.240","16.850","105.22K","1.20%"
"08/09/2017","16.863","16.440","16.945","16.430","106.93K","2.89%"
"08/08/2017","16.389","16.240","16.460","16.205","79.11K","0.85%"
"08/07/2017","16.251","16.270","16.280","16.095","58.15K","-0.01%"
"08/04/2017","16.252","16.700","16.750","16.170","97.42K","-2.27%"
"08/03/2017","16.630","16.570","16.680","16.420","57.97K","-0.62%"
"08/02/2017","16.733","16.695","16.960","16.455","77.87K","-0.18%"
"08/01/2017","16.764","16.835","16.845","16.590","61.89K","-0.13%"
"07/31/2017","16.786","16.745","16.870","16.665","56.47K","0.55%"
"07/28/2017","16.695","16.575","16.750","16.505","49.95K","0.74%"
"07/27/2017","16.573","16.640","16.810","16.540","69.33K","0.69%"
"07/26/2017","16.459","16.465","16.680","16.280","67.14K","-0.50%"
"07/25/2017","16.542","16.460","16.605","16.225","76.17K","0.60%"
"07/24/2017","16.443","16.500","16.575","16.405","62.92K","-0.09%"
"07/21/2017","16.457","16.280","16.510","16.280","59.69K","0.69%"
"07/20/2017","16.345","16.250","16.395","16.110","84.81K","0.29%"
"07/19/2017","16.297","16.265","16.345","16.125","81.90K","0.18%"
"07/18/2017","16.268","16.080","16.310","16.060","91.04K","1.05%"
"07/17/2017","16.099","15.990","16.170","15.935","78.61K","1.04%"
"07/14/2017","15.933","15.660","16.070","15.575","92.37K","1.54%"
"07/13/2017","15.691","15.875","15.955","15.660","76.09K","-1.23%"
"07/12/2017","15.887","15.810","15.995","15.710","96.48K","0.90%"
"07/11/2017","15.745","15.640","15.830","15.425","96.43K","0.74%"
"07/10/2017","15.629","15.580","15.705","15.145","125.08K","1.32%"
"07/07/2017","15.425","16.025","16.140","15.320","156.69K","-3.49%"
"07/06/2017","15.983","16.055","16.080","15.910","68.31K","0.55%"
"07/05/2017","15.896","16.135","16.190","15.850","138.59K","0.00%"
"07/04/2017","15.896","16.135","16.190","15.850","138.59K","-1.22%"
"07/03/2017","16.092","16.635","16.645","16.075","94.30K","-3.22%"
"06/30/2017","16.627","16.635","16.705","16.505","71.27K","-0.16%"
"06/29/2017","16.654","16.835","16.915","16.615","97.14K","-0.44%"
"06/28/2017","16.727","16.620","16.830","16.615","76.36K","0.84%"
"06/27/2017","16.588","16.550","16.720","16.490","89.74K","0.10%"
"06/26/2017","16.572","16.695","16.745","16.225","81.48K","-0.45%"
"06/23/2017","16.647","16.515","16.760","16.515","75.64K","0.84%"
"06/22/2017","16.509","16.400","16.640","16.400","92.15K","0.82%"
"06/21/2017","16.374","16.415","16.495","16.315","84.04K","-0.26%"
"06/20/2017","16.417","16.465","16.605","16.360","80.76K","-0.52%"
"06/19/2017","16.502","16.670","16.680","16.445","73.82K","-0.95%"
"06/16/2017","16.661","16.720","16.800","16.620","68.24K","-0.33%"
"06/15/2017","16.716","16.875","17.065","16.620","101.17K","-2.45%"
"06/14/2017","17.136","16.820","17.365","16.790","127.36K","2.20%"
"06/13/2017","16.767","16.945","16.955","16.705","97.81K","-1.04%"
"06/12/2017","16.944","17.170","17.215","16.890","91.83K","-1.62%"
"06/09/2017","17.223","17.485","17.495","17.155","70.49K","-1.10%"
"06/08/2017","17.414","17.560","17.680","17.285","86.64K","-1.17%"
"06/07/2017","17.620","17.710","17.725","17.505","67.36K","-0.51%"
"06/06/2017","17.710","17.545","17.745","17.515","75.07K","0.73%"
"06/05/2017","17.581","17.550","17.650","17.495","49.62K","0.32%"
"06/02/2017","17.525","17.270","17.580","17.115","104.15K","1.41%"
"06/01/2017","17.281","17.315","17.370","16.985","88.52K","-0.72%"
"05/31/2017","17.406","17.385","17.420","17.225","73.26K","-0.33%"
"05/30/2017","17.464","17.464","17.464","17.464","","0.21%"
"05/29/2017","17.427","17.340","17.465","17.205","75.85K","0.60%"
"05/26/2017","17.323","17.145","17.380","17.085","67.81K","0.76%"
"05/25/2017","17.193","17.215","17.260","17.125","57.92K","0.44%"
"05/24/2017","17.117","17.050","17.230","16.895","82.16K","-0.13%"
"05/23/2017","17.139","17.165","17.305","17.030","92.73K","-0.30%"
"05/22/2017","17.191","16.870","17.210","16.840","78.64K","2.35%"
"05/19/2017","16.796","16.580","16.875","16.565","75.95K","0.76%"
"05/18/2017","16.670","16.890","16.945","16.430","115.49K","-1.40%"
"05/17/2017","16.906","16.850","17.035","16.755","121.34K","0.95%"
"05/16/2017","16.747","16.630","16.865","16.610","71.85K","0.87%"
"05/15/2017","16.603","16.460","16.815","16.410","80.99K","1.23%"
"05/12/2017","16.402","16.330","16.475","16.300","59.66K","0.84%"
"05/11/2017","16.265","16.205","16.390","16.165","66.28K","0.36%"
"05/10/2017","16.207","16.180","16.345","16.145","78.42K","0.87%"
"05/09/2017","16.067","16.235","16.315","16.060","71.19K","-1.17%"
"05/08/2017","16.258","16.310","16.455","16.230","55.08K","-0.10%"
"05/05/2017","16.274","16.315","16.530","16.230","88.65K","-0.18%"
"05/04/2017","16.303","16.485","16.645","16.215","103.60K","-1.47%"
"05/03/2017","16.546","16.855","16.895","16.415","90.35K","-1.69%"
"05/02/2017","16.831","16.880","17.015","16.800","63.43K","-0.07%"
"05/01/2017","16.842","17.240","17.290","16.810","72.47K","-2.43%"
"04/28/2017","17.262","17.280","17.445","17.185","65.78K","-0.42%"
"04/27/2017","17.334","17.515","17.540","17.265","96.19K","-0.17%"
"04/26/2017","17.363","17.575","17.625","17.290","102.00K","-1.30%"
"04/25/2017","17.591","17.910","17.975","17.525","107.04K","-1.50%"
"04/24/2017","17.858","17.820","17.910","17.550","95.60K","0.01%"
"04/21/2017","17.856","17.995","18.020","17.785","97.31K","-0.90%"
"04/20/2017","18.018","18.160","18.220","17.845","118.56K","-0.79%"
"04/19/2017","18.162","18.300","18.325","18.085","74.70K","-0.60%"
"04/18/2017","18.272","18.430","18.435","18.065","114.19K","-1.31%"
"04/17/2017","18.514","18.585","18.655","18.370","59.15K","0.02%"
"04/13/2017","18.510","18.510","18.605","18.415","83.59K","1.15%"
"04/12/2017","18.300","18.350","18.585","18.245","77.03K","0.25%"
"04/11/2017","18.254","17.950","18.345","17.910","80.61K","1.89%"
"04/10/2017","17.915","17.930","18.025","17.735","72.88K","-1.30%"
"04/07/2017","18.151","18.250","18.490","17.865","118.60K","-0.52%"
"04/06/2017","18.246","18.295","18.355","18.165","50.60K","0.32%"
"04/05/2017","18.187","18.320","18.325","18.145","74.38K","-0.74%"
"04/04/2017","18.323","18.305","18.430","18.210","49.05K","0.61%"
"04/03/2017","18.212","18.265","18.290","18.090","47.76K","-0.24%"
"03/31/2017","18.256","18.135","18.290","18.060","53.64K","0.27%"
"03/30/2017","18.206","18.250","18.315","18.070","63.77K","-0.25%"
"03/29/2017","18.252","18.205","18.275","18.055","58.01K","0.00%"
"03/28/2017","18.252","18.120","18.260","18.025","72.06K","0.80%"
"03/27/2017","18.108","17.805","18.150","17.780","59.65K","2.03%"
"03/24/2017","17.748","17.595","17.800","17.540","42.18K","0.88%"
"03/23/2017","17.593","17.555","17.710","17.525","51.80K","0.09%"
"03/22/2017","17.578","17.565","17.605","17.460","42.98K","-0.03%"
"03/21/2017","17.583","17.445","17.620","17.340","56.00K","0.83%"
"03/20/2017","17.438","17.425","17.475","17.365","29.24K","0.14%"
"03/17/2017","17.413","17.340","17.425","17.230","39.67K","0.48%"
"03/16/2017","17.330","17.345","17.585","17.255","77.18K","2.41%"
"03/15/2017","16.923","16.890","17.370","16.825","72.91K","0.00%"
"03/14/2017","16.923","16.985","17.065","16.875","48.42K","-0.29%"
"03/13/2017","16.972","17.050","17.160","16.965","49.02K","0.29%"
"03/10/2017","16.923","16.980","17.105","16.855","75.85K","-0.66%"
"03/09/2017","17.036","17.255","17.310","16.955","67.23K","-1.51%"
"03/08/2017","17.298","17.520","17.570","17.240","59.44K","-1.36%"
"03/07/2017","17.536","17.800","17.820","17.495","55.27K","-1.33%"
"03/06/2017","17.773","17.990","17.995","17.735","49.10K","0.19%"
"03/03/2017","17.740","17.800","18.010","17.660","81.26K","-0.05%"
"03/02/2017","17.748","18.465","18.480","17.705","98.44K","-4.01%"
"03/01/2017","18.489","18.360","18.510","18.270","77.48K","0.11%"
"02/28/2017","18.469","18.315","18.510","18.280","63.46K","0.28%"
"02/27/2017","18.417","18.420","18.540","18.265","70.99K","0.06%"
"02/24/2017","18.406","18.225","18.460","18.210","59.07K","1.60%"
"02/23/2017","18.117","18.000","18.210","17.925","98.98K","0.93%"
"02/22/2017","17.950","17.960","18.040","17.905","73.45K","-0.50%"
"02/21/2017","18.040","18.020","18.100","17.860","0.13K","0.22%"
"02/20/2017","18.001","17.995","18.070","17.815","108.79K","-0.16%"
"02/17/2017","18.030","18.075","18.095","17.970","54.20K","-0.24%"
"02/16/2017","18.074","17.970","18.140","17.935","73.03K","0.62%"
"02/15/2017","17.963","17.955","17.990","17.755","71.90K","0.41%"
"02/14/2017","17.889","17.810","18.090","17.730","78.31K","0.38%"
"02/13/2017","17.821","17.940","18.015","17.755","59.33K","-0.62%"
"02/10/2017","17.933","17.640","18.020","17.545","90.40K","1.08%"
"02/09/2017","17.741","17.780","17.845","17.615","65.79K","0.20%"
"02/08/2017","17.705","17.700","17.875","17.620","66.25K","-0.29%"
"02/07/2017","17.756","17.740","17.795","17.560","55.46K","0.36%"
"02/06/2017","17.693","17.520","17.760","17.460","46.83K","1.22%"
"02/03/2017","17.479","17.485","17.540","17.260","65.77K","0.29%"
"02/02/2017","17.429","17.565","17.745","17.415","63.07K","-0.12%"
"02/01/2017","17.450","17.570","17.665","17.360","66.31K","-0.53%"
"01/31/2017","17.543","17.130","17.635","17.105","73.62K","2.28%"
"01/30/2017","17.152","17.170","17.295","17.080","57.16K","0.09%"
"01/27/2017","17.136","16.800","17.260","16.635","64.59K","1.70%"
"01/26/2017","16.850","17.010","17.050","16.680","53.18K","-0.77%"
"01/25/2017","16.980","17.110","17.130","16.780","63.42K","-1.19%"
"01/24/2017","17.185","17.250","17.310","17.025","51.74K","-0.01%"
"01/23/2017","17.186","17.120","17.285","17.075","51.76K","0.90%"
"01/20/2017","17.032","17.025","17.195","16.840","64.63K","0.18%"
"01/19/2017","17.002","17.075","17.125","16.745","79.09K","-1.57%"
"01/18/2017","17.274","17.230","17.360","17.060","59.04K","0.73%"
"01/17/2017","17.148","16.845","17.245","16.805","89.80K","0.00%"
"01/16/2017","17.148","16.845","17.245","16.805","89.80K","2.28%"
"01/13/2017","16.765","16.805","16.855","16.610","60.84K","-0.36%"
"01/12/2017","16.825","16.770","17.020","16.755","63.04K","-0.02%"
"01/11/2017","16.828","16.840","16.905","16.560","82.62K","-0.12%"
"01/10/2017","16.848","16.615","16.955","16.575","69.88K","0.99%"
"01/09/2017","16.683","16.520","16.735","16.455","46.50K","0.99%"
"01/06/2017","16.519","16.635","16.715","16.260","68.14K","-0.71%"
"01/05/2017","16.637","16.495","16.760","16.455","67.64K","0.51%"
"01/04/2017","16.552","16.345","16.570","16.300","52.45K","0.87%"
"01/03/2017","16.409","15.970","16.550","15.935","81.14K","2.63%"
